tweet,label
เด็กเก่งมีความสามารถแต่ค่ายไม่โปรโมต มันก็เหมือนหัวล้านได้หวี  ไก่ได้พลอย วานรได้แก้ว ตาบอดได้แว่น แหม่มมมมไม่รู้จะเอาสำนวนไทยไหนมาพู,1
จอดรถแบบนี้ใครจะออกได้!!! แค่ยกขาตั้งขึ้นยังไม่ได้เลย คนเค้ามีธุระต้องใช้มอไซต์ ไม่นึกถึงใจคนอื่นมั้งเลยหรือยังไง ความเกรงใจมีมั้งไห,1
สติไม่มีแล้วตอนนี้,1
เชี่ยเอ้ยดูตารางเรียนไม่ได,1
สักหน่อยจะเลิกเล่นเฟ,1
มันน่าโมโหนิดนึงนะ รู้ว่าเรื่องของทานบ่นมากไม่ดี แต่เคยม่ะ ไอ้ที่เก็บไว้อยากทานคนเดียวไม่อยากแบ่งใคร แต่โดนคนอื่นทานไปจนหมดไม่เหลืออ่,1
อาจดูเหมือนว่ากูเลว ชอบเหวี่ยง พาล เเต่บอกไรให้ว่ากูอึดอัดมาก !!,1
ไอ่กร๊วก.,1
ทำไมต้องเป็นแบบนี้ เอาเลย อยากทำอะไรก็ตามสบาย แต่รู้ไว้ ฉันไม่ยอมรับหรอกน,1
ถ้ามองการติ่งมันไร้สาระ ก็เลิกเอาเวลาอันล้ำค่าของคุณ มาเผือกสิ่งไร้สาระอย่างพวกหนูเลยค่ะ ทัศนคติพวกคุณก็ไม่ได้สูงนักหรอก อีปอบ,1
ทำไมพี่ซองอิมไม่มีโมเมนท์ชัดๆ กับน้องแทบ้างน,1
มาเป็นอะไรตอนจบวะคะยูทู,1
เจอแต่พวกตอแหล กูชินแล้วล่ะ ลองไม่มีประโยชน์กะมันก็หมาตัวนึงๆดีนี้ล่ะกู ทำบุญกะคนไม่ขึ้นจริงๆ คนเชี้ยไรยิ่งกว่าหมาอีกอีดอ,1
อีกแปบมึงจะกล้ายเป็นโกโก้ครั้นแน,1
เนตประเทศไทยกากไม่แพ้ชาติใดในโลกกกกกกกก,1
อิพวกปรัศนีย์!! เป็นมีปัญหาจริงจังทางจิตใจ เบลอหน้าอิพี่ย๊งอีก เพราะย๊งมันยืนตรงกลางล่ะสิ แหม!จะจิ้นฮโยซอ.จิ้นขึ้นเรอะ? อย่าให้เหวี่ย,1
เขาทำให้หัวใจเต้นแรงและทำให้หัวใจเต้นเบ,1
ไม่อยากคุยไม่ต้องคุย !! กูแค่ถามเรื่องน้องที่เสียไปก็แค่นั้น หยิ่งไรนักหนา !,1
เน่คนข้างบ้าน!!! อย่าเยอะน่ะค่,1
แหม!! รูปคู่มึงเนี่ย เอาขึ้นให้กูเห็นบ่อยจังน้ะ อย่าให้กูได้มีนะกูจะแท็กไปให้มึงเลยคอยดู,1
อย่าให้กุต้องแอนตี้บริทนี่เพราะฟค.ฟายๆอย่างพวกมึงนะ,1
จะหยุดดด ก็ไม่ได้หยุด นี่เพื่อนนะตลอ,1
เป็นกูกูจะรีบไปรื้อยาดูไม่ยืดอ้อยยย,1
โอ๊ยยยยย กูพูดแล้วโมโห ขัดกูได้ทุกเรื่องจริงๆมึง กูจะทำอะไรหนักหัวมึงรึไงกันค๊,1
อิพวกเวนที่ขโมยนี่ไม่ยอมหยุดนะ ขยะจิงๆ แล้วอิพวกรับซื้อก็เหมือนกัน !!!!!,1
มีบอทอยากนอนแบบไม่ฟื้นเดี๋ยวสักวันจะจัดให้ไม่สบายก็อย่าปากมากไปนอนไวไวไปหลีแฟนตูอยู่ได้  แสด!!!,1
อ๊อย!! บีบีเปนไร ส่งไม่ไป,1
ข้าวมันไก่ ข้าวหน้าเป็ด ข้าวหมูแดง ข้าวไข่เจียว พิซซ่า มันบด แฮมเบอร์เกอร์ สเต๊ก ไก่ทอด หมูสามชั้น สี่ชั้น ห้าชั้น จะแดกแม่งให้หมดเล,1
รอรถที่ป้ายรถเมประมาณชั่วโมงนึงได้  คนจากต้นสายก็เปนล้านละ เสือกบอก หน้าประตูเขยิบเข้าในนะ แค่นี้ก็จะได้กันละไอ้ฝัด จะให้เข้าไปถึงใ,1
ตัวๆได้นะไอสั,1
มึงนิมัน..หขี จริงจริง !!!,1
ทำตัวเยี่ยงขอทาน เครื่องแบบพระราชทาน เกียรติยศศักดิ์ศรี อยู่ตรงไหน เป็นทหารแต่แบบมือรีดไถ่ใต้โต๊ะ คุณภูมิใจมากไหม ไถได้แบบหน้าไม่อา,1
(ต่อ) หลังๆเวลาทำบุญทุกครั้งจะกรวดน้ำ อุทิศส่วนกุศลไปให้ ขออย่าได้มีลูกน้องที่คิดไม่ซื่ออี,1
บางทีก็คิดนะ ทำงานนี่เหนื่อยกว่าตอนเรียนเยอะ ไม่เหนื่อยเพราะงานแต่เปนเพราะคน ทุกวันจะบ้าทุกวันอยู่แล้,1
แล้วเก่งกันนัก เอาคนแก่ เด็ก ผู้หญิง เป็นโล่...เหี้ยเอ้ยยย,1
เเสรดทรู เมิงตายยสัญญานเมิงห่วยเเตกหมาไม่เเ_ _ มากกก,1
อีสัด ผู้โดยสารไม่ต้องรับ ควย! มีตำรวจทำเหี้ยไรได้ครับ ถามหน่อย -_-,1
อดร่วมดราม่,1
เขียน คิ้ว ไม่ เท่า กัน ซะ ท,1
ประกันสังคม นนทบุรี บริการห่วยแตก !  รอเป็นช่วงโมงขนาดนี้กูกลับไปหลับที่บ้านได้เลยเหอะ พนักงานน่าหยั่งกะส้นตีน ! ไม่มีความเป็นมิต,1
จะนอนก็เรื่องกุป่าวว่ะสัส ทีมึงนอนกุยังให้มึงนอนเฉยๆเล,1
มอไม่ได้เปิดวิทยุดังไปใช่ไหม คือกุตะโกนกะเพื่อนในห้องเลยแหล,1
บอกกูทำชั่วโมงเดียว ล่อไปสี่ชั่วโมง แล้วให้กูนั่งรอ ข้าวก็ไม่ได้แดก เล็บก็ไม่ได้ท,1
รีเฟรช รีเฟรช....รีหน้ามึงซ,1
กูรู้เลยว่าใครที่รักแต่ตัวเอ,1
วันนี้จะนอนให้ดึกแมร่งเลยยยยยย!!!,1
จะไปทวงโอกาสที่น้องเสียไปได้ที่ไหน เอสเอ็มจะชดใช้ให้น้องยังไง?!!,1
ระบาย ระบาย ระบา,1
ฟายยย โดนแย่งที่จอด กุมาก่อนป่ะว่ะ ฝั่งเมิงก็ว่าง กุต้องอ้อมโลกอีก ขอให้เมิงเจอแต่อะไรอ้อมๆละกันวันนี้ !!,1
"ครั้งหน้าคงใช้ ""หอย"" วาดสินะ ทุเรศจัง ผู้ชายก็นะ! เอิ่มที่กระเทยคุณเดินหนี ที่ผู้หญิงคุณยินยอ ทุเรศน่ะค่ะน่ะค่ะ :",1
แม่งเอ๊ย!!!!!!!! เสือกล้ำหน้าอีก!!,1
รู้ความหมายดีสินะ ทั้งเนื้อหาของเพลงแล้วก็เอ็มวีอ่ะ มันจะเป๊ะ จะลงตัวอะไรขนาดนั้,1
พอใจ และ กล้าโกหกว่าไม่เห็น ทำไม จะทำไม แหม ! อย่ามาทักนะแม่ง ด่ายั,1
ยังไงก็ต้องลาไปให้ได้ หรือยังไงให้ไพลินลาออกม่,1
กู๊ดบายสเตจไนน์มิวส์วันนี้แบบโคตรของโคตรจะตัดเพลงอะแกรรรร,1
ตื่นมาทวีตตอนตี2 เพราะอียุงเกรีย,1
ใครบอกเรียนเก่ง ผลออกกี่ที่ยังไม่ติดสักที่ ถ้าเก่งต้องติดแล้วดิว้ะ!!!,1
เมื่อไหร่รถไฟฟ้ามันจะมาถึงรังสิ,1
คือกุจ่ายค่าเน๊ตจนเป็นปัจจุบันละไง แต่แม่งส่งบิลมาว่ากุค้างสองเดือน อิเควี้ย มีหลักฐานนะโว้ยยย อิเวรรรรรรรรรรรรรร,1
อร๊ายยยย บอกว่าไม่ไปๆๆๆๆ ยังมามาคะยั้ยคะยออีก ออกเงินให้ป่ะหล่ะ เด๋วจะไปให้ ฮึยยย,1
เอออุเหม่น่ะมึงชิช่างกระไร ขยาดขยั้นมิทันไร ก็หมิ่นก,1
ไม่ชอบรุ่นน้องที่ไม่เคารพรุ่นพี่อ่,1
ตอนเเรกเเอบกริ๊ดเพราะมันหล่อ เเต่ไปไปมาๆๆ เเม้งใจร้ายมากเล,1
เชี่ย เเมร่ง สุดท้ายก็เหมือนกันหมด !!!!!!!,1
กูลบไปกี่รอบและ โปรเจคแอนดรอยเนี่ย ไอเหี้,1
ตลกร้ายสัด กุชดใช้ไปแสนสอ,1
เกมแม่งก็จะหลุดเหี้ยอะไรหนักหน,1
เกลียดมึงนะ พูดเลยมากกว่าทุกคนที่กูเคยเกลียด...เชี้ยเอ้,1
ฝนตกหรือไง ทำไมทรูยูบีซีไม่มีสัญญาณอีกล,1
ถ้ากูเห็นว่าใครอ่านหนังสือแล้วเอาใส่ชั้นไปเรื่อยนะ กูจะเอาสันหนังสือตีหัวแม่,1
แล้วทำไมต้องให้พี่ทึกกูถอดเสื้อด้วยว้ะ -*-!!,1
หลังจากที่เมื่อคืนเน็ตเน่าทั้งคืน วันนี้ก็เกือบจะลงแดง แต่ดีนะ ที่มันดีทันเวลา ไม่งั้นก็..,1
เคยไหมเวลาที่ทำงานแล้วมันจะไม่เกิดปัญหาอะไรเล,1
ออกมาธนาคารเห็นรถไส้กรอกอีสานตะโกนเรียก วิ่งตาม คืออะไรยังไม่สุก ทำมาหากินทำไมไม่หัดตื่นเช้ากันน,1
เปิดเทอมเมื่อไหร่เจอกูแน่มึง!! จะออกไปเรียนตั้งแต่หกโมงเช้ากลับบ้านตีสามเลยคอยด,1
ไม่ต้องมาบอกกูหรอกว่าพ่อแม่มึงเปนใคร ถ้ากูโมโหไปกูก็ด่าได้เหมือนกั,1
โอ๊ยยยย กูล่ะเกลียดไอ้ดันโซซซซซซ!!! ;__;) แม่งเจือกตลอด ไม่งั้นคาคาชิก็ได้เป็นโฮคาเงะชั่วคราวแล้,1
ไม่ชอบใจตั้งแต่ขึ้นราคาตอนคอนเฟิร์มในเมลล์แล้ว ให้สำหรับ 10 คนแรก เพราะจะขาดทุนเยอะ ตอนประกาศพรีเสือกประกาศราคานี้ทำไ,1
ไอจนปวดหัว...แสบคอ หึ่ยยยย!! แม่งเอ้ยยย...ตั้งแต่ก่อนสอบยันสอบเสร็,1
ชีวินแกมันเลว !!!!!!!!,1
มาประชุมตั้งแต่เช้า เงินจากแปดพันกว่าเหลือแค่สามพันกว่า ไม่ต้องทำมันละบ๋อ!!!,1
เวลาคุยหยาบคายกะเพื่อนสนิทมากมากก็ไม่เคยใช้นะ ควายป่า เนี่,1
ตัวขี้เกียจแม่งโหดจังวะ มึงเกาะซะจนกูไม่อยากลุกไปอาบน้ำ ทำให้กูอยากนอนอย่างเดียวเลยสึ,1
กูนัดก่อนสามวันบอกว่าได้ พอเพื่อนใหม่ชวนไปไหนก็ยกเลิกนัดกูตลอด ใครลืมใคร,1
ขับรถเหี้ยๆแบบมึง ไฟเลี้ยวก็ไม่เปิด จะเลี้ยวก็ไม่ดู ไม่โดนชนตายห่าก็ดีแล้ว อีเหี้ยยยยย,1
พ่อกูสวดมนต์ กูไปโรงเรียนสายเพราะพ่อกูสวดมนต์ คิดว่ากูบอกความจริงไปฝ่ายปกครองจะเชื่อกูมั้ยล่ะ !,1
พวกโจรภาคใต้ โกรธใครทำไม ไม่ไปลงกับคนนั้นวะคะ!? คนบริสุทธิ์ที่พวกคุณฆ่า พวกเขาไม่ได้รู้เรื่องกับคุณเลย คนบ้านเดียวกันแท้,1
ปังปอนด์แกบอกเราอย่านอนดึกแล้วแกทำไมนอนดึ,1
ถามหน่อยเถอะ! เว็บมันเป็นเห้อะไร หลุดอยู่นั้นแหละ.,1
การหึงทำให้คนขาดสติได้ จริงๆ.,1
ถ้าจะด่าเพศแม่มึงขนาดนี้ มึงก็หน้าตัวเมียแล้วแร,1
กูปิดแชท ไม่ต้องทักกูมา กูไม่ตอบ เหนื่อยอห. ห้ามทัก ห้ามถาม ไม่ต้องมาถามกูทำยังไง กูมั่วเอาทั้งนั้น มึงก็ใช้วิชาที่มึงมีเส่ะ กูงงชีวิ,1
โอ้ย!!ไม่รู้ด้วยแล้ว!,1
คิดมาเเล้วกุอยากกระโดดจิกหัว ซังเว้,1
เป็นบอทแล้วไม่ใช่คนหรอค๊ะ ? 555555,1
เหนแร้ว อารมเสี,1
กูผิดด้วยหรอวะ เหี้ยแม่งตื่นมาก็เจอแบบเนี่,1
ไม่ไปช่วยเค้าปลูกล่ะ ห่วงขนา,1
ได้เวลาเปลี่ยนโปรแบบจริงจัง แม่งโกงได้โกงดี ถ้าเปลี่ยนโปรแล้วยังเป็นอยู่กูจะเปลี่ยนเครือข่ายแม่งเลย โกงกูเอาไปให้เจ้าของมันหาเสียงไงว,1
อีสัตว์ !! กูเป็นชยาวอลกูยังขึ้นชื่อดิสแพคเลย ขึ้นแล้วไงวะ ขึ้นแล้วกูก็รู้หรอกว่าอะไรเป็นอะไร ทำมาคิดแทนคนอื่น แสดงความโง่อยู่ได,1
เอออินักศึกษาแพทย์นี่จิตใจโหดร้ายสัส ให้หมาแดก 11 เม็ด อีควย เดะจับมึงกรอกแทนบ้างดีป่ะสั,1
จากอากาศชิลๆ นี้ร้อนในเหงื่อหย,1
ถ้ามีรถยนต์แล้วทำให้ออกมาเรียนแต่เช้าไม่ได้ โดนเช็คสายเพราะหาที่จอด ก็ไม่ต้องมีดีกว่าป่ะ แว๊นซ์เถอะ,1
ดอกเอ๊ยย อย่าลุกเชียวนะเมิงอ่ะ กุต้องจับตามองมึงรึนี,1
5555 ออนนี่ก็วนเวียนอยู่ไไม่กี่ช่อง เหมือนกันตอนนี้แบบช่องเกาหายไปหลายช่องด้วยอีกต่างหา,1
ฝันดี ,1
ที่เอามาทำในกลุ่มแชทก้เพราะอยากให้ระดมสมองป้ะ อยากให้รู้กันทุกคนป้ะ ขึ้นอ่านละไม่ตอบคือระ? งานกลุ่มนะคะ ไม่ใช่งานคู่ !,1
อย่าเยอะให้ม้ากน้ะกวังกู!!!!,1
น่ารำคา,1
ถามล่ะออฟหนี เด๋วตบกบาลแม่งล่,1
เออ มาหาแล้วก็เงี้ยะ ทีนี้จะไม่มาแล้วเว้ยยยยยยยยย,1
คือกุลงมาหาแล้วไม่เจอมึ,1
ไอ้สึสแอพ มึงเด้งออกจัง ไฝว้จะกูเปล่,1
คือ....ชุด...อัลไลว่,1
เจอตัวเหี้ยในคาบคน ก้วันนี้เอง ><,1
กว่าจะมีสัญญาณ ที่รักดันไม่รับอ่,1
มึงจะเอาให้ถึงไหนล่ะ? บ้าดิ,1
จะด่ากูก็ด่าเหอะ จะว่าก็ว่า แค่กูไม่ได้ตามข่าวบ่ายนี้กูผิดหรอ กูติดเรียนกูก็ผิดหรอ ? อนาคตของกูกูผิดหรอ?,1
นี่ไม่คิดจะตั้งกระทู้เกี่ยวกับซีเอ็นบลูเลยใช่ไหม ? โอเค ก็ได้ กูตั้งเอง ,1
บอกให้กลับบ้าน ไม่กลับ มาบ่นคนเยอะ ถีบหน้าเล,1
นั่นเป็นเวรกรรมของเข,1
มารยาททราม!!! กิริยาวาจาแบบนี้ก็เลิกขับเถอะ...ไปนั่งชักว่าวอยู่บ้านเถอะลุง!!,1
ถ้าไม่รีบไม่ไปไฟท์ด่วนหรอก.. อีสัส!,1
ตามใจทุกอย่าง พอเราขอบ้างกลับงี่เง่า มีครั้งต่อไป ก็อย่าได้หวังว่าจะได้เรียกกูว่าแฟนอีก!!,1
ทำเป็นเล่นไป งานการไม่ได้สักอย่า,1
เกลียดการรอคอ,2
วันนี้เชลซีและบาร์ซ่าจะชนะทั้งคู่ :,2
พรุ่งนี้น้องๆ47จะมารับน้องปี3 'โฟร์ตี้ โฟร์ตี้ โฟรตี้ไฟว์ เยส ไอไลค์ ตะแหน่ว ตะแหน่ว' กันเต็มขนาดไหนน้,2
อยากออกเดินทางกับใครสักคน ที่พร้อมจะลุยไปด้วยกัน,2
อยากให้ลุงตอบทวิตกูจั,2
พรุ่งนี้ไปเที่ยวกับพ่,2
เสาร์ อาทิตย์ ที่จะถึงนี้ไม่ว่างอีกแล้ววววว ไปทริปที่สัตหีบบบบ อยากไปจั,2
ก็ชอบคนนี้อะ ให้เลิกชอบก็คงยากป่ะ ,2
คุณเป็นใครกันเข้ามาอยู่ทั้งในฝันในความจริงตื่นนอนก็ เห็นก่อนนอนก็เจอ คุน กลับมาเป็นคนเดิมของผมเถอ,2
ไม่อยากผิดหวัง ก็อย่าคาดหวั,2
วันทำพาน ห้องเราต้องได้คุยกันเยอะขึ้นแน่ๆ!,2
อีกนานแค่ไหนถึงจะได้ปลดปล่อยอีกสักท,2
ต้องนอนละ ฝันดี ถ้ารูปคู่โน่ริทมา ฝากเมนชั่นมาให้ด้วยน้,2
รอกันยาเปิดตัวไอโฟนใหม่ เงินคงพร้อมล่ะน,2
สตอเบอรี่คงอร่อยกว่ามะเขือเทศน,2
ปั๊บหายไปแต่งโน่กันฉากต่อที่คอนโดปร๊,2
วันนี้จะฝันเหมือนเดิมอีกมั้ย(?,2
แค่เชื่อในสิ่งนั้นแล้วมันจะดีเอ,2
"เลดี้กาก้า มีบัตรยืนป่ะเนี่ยยย =.,= 55555555 เผื่อจะได้มีโอกาสได้บัตรมากขึ้",2
เสียใจ! เจ็บปวด บอกไม่ถูก,2
ไม่มาจิงจิงใช่ม้ายยยยย ),2
ทำไมมีแต่รูป ออด อยากได้ปาปาคอนของคาเมะน่,2
น้องน่ารักจะมาดูมั๊ยน,2
ต้องเก็บมาให้เป็นอากา,2
พี่ลห.โทรหาน้องซฮ.เพื่อถามอาการบาดเจ็บบ้างมั๊ยน๊,2
จ่ากับเพื่อนทั้ง8จะมาเมืองไทยอีกเมื่อไหร่กันนะ..,2
หวังให้วีนนี้เป็นวันที่ดี แล้วนี่หรอสิ่งที่ได้รับ ร่วมภูมิใจให้มีกำลังใจหน่อยไม่ได้หร,2
พี่ยูลควรอัพไอจีก่อนไปจัดรายการน,2
ความจริงมันชัดเจนนานละ แต่ใจแม่งไม่ยอมรับเองมากกว่า พยายามหลอกตัวเองว่าสักวันมันต้องมีอะไร มัต้องเปลี่ยนไป มันต้องอย่างนั้นอย่างนี,2
ความหิวมันเป็นความต้องการของกระเพาะ ความรักเป็นเรื่องของหัวใจและสมอง ร่างกายที่ยังไม่มีใครมองมันก็ต้องการใครสักคนเหมือนกันน,2
ลมๆแล้ง,2
เราอยากแบบฉลาดเลย อ่านยุ่นออกเลย ได้ป่ะ 555555555555,2
เย้ๆ!! อาทิตย์หน้า 2014/06/29 แอลเจลิน่า โจลี่ไปเป็นเกสต์รายการยามะพ,2
ซูดีนี้เจ้ากี้เจ้าการดีนักนะ ระวังจะเข้าตัวเองบ้างเหอะๆๆ,2
เหนื่อยกับสิ่งที่หวัง อยากขอให้มันมีจริง,2
เอิ่มมม อยากทราบว่าเด็กมหิดลจะมาแย่งกุทำไมคับบ แหม่ คุณเรียนมหิดลไปสิ ปล่อยให้เด็กต่างจังหวัดเค้ามีโอกาสบ้างอะไรบ้า,2
สักวันต้องผ่านไ,2
ตัวปัญหาจริงๆอาจเล็กนิดเดียว บวกความคาดหวังของเราเข้าไป หวังจะเจอคนที่ใช่ ฝันจะมีชีวิตที่สมบูรณ,2
เชื่อว่า รักแรกพบมีอยู่จริ,2
ยาวนานเกินไ,2
ก่อนนอนก็อยากคุยกับเธอเป็นคนสุดท้า,2
หิวอาหารอย่างร้ายแร,2
อีกนานแค่ไหน ใจก็จะรอ.,2
ปีหน้าเราก็อยากทำโฮ๊ะน่,2
ที่กลัวก็เพราะว่าแอ,2
อยากสละโสด ให้เธอจั,2
หวังว่าวันนึงเธอจะทักม,2
อดทนเก็บความในใจ แล้วรอแค่วันเวลา ให้มันหมุนช้าๆ แล้วเดินไปกับมัน อดทนเก็บความใจในแล้วเรียนรู้กันและกั,2
อีกนิดและ อีกนิด พ่อเริ่มเห็นความเหนื่อยของลูกแล้ว จะไปอยู่หอแล้วโอ้เย้!!!! >0,2
ไม่รู้ว่าอนาคตในชีวิต จะประสบความสำเร็จตอนไหน อิฉาคนที่รู้ว่าอะไรคือประสบความสำเร็จสำหรับตัวเอง..,2
อยากมีโมเม้นโทรมาบอกว่าจะไปไห,2
บ่ายมารันนิ่งแมนนนน อ๊ายยยย นี่ความฝันเลยนะ><,2
ตอนเช้าคงง่วงไปทั้งวัน ตายแน่ๆ เห้ออ ขอให้ตอนบ่ายเรียนน้อยๆ ปล่อยเร็ว,2
ไมไม่โทรมาหาเราบ้างล่ะ >,2
"17สิงหาล่ะ 17สิงหา ,,- -,",2
น้ำตาพี่จิไหลลลลลล ยัยถังจะใส่ขาสั้นไปยันวันสุดท้ายเลยใช่มั้ยค,2
สาวออกทางวีไอพี จริงๆสินะ ???? ไม่แน่สาวๆอาจจะบอกจนทว่าอยากออกทางปกติก็ได้น,2
อัพแล้วคงมีอะไรดีขึ้,2
วันข้างหน้าจะเป็นวันที่ดีใช่ไหม... ต้องดีกว่าเดิมแน่,2
อยากให้เธอเพ้อถึงชั้นบ้างอ๊าาาาาา,2
คิดถึง เมื่อไหร่จะกลับมาเป็นเหมือนเดิมสักท,2
อยากให้ชายนี่ออกรายการพวกเรียลลิตี้โชว์อ,2
หวังว่าหลังจากเรื่องนี้ผ่านไป เราจะเข้มแข็งขึ้นน,2
หัวหน้าผู้เลิศเลอค,2
ไม่มีคิบอม...คราวก่อนบอกมีแต่กลับไม่มีครั้งนี้บอกไม่มีแล้วถ้าถึงวันนั้นมัน.... >,2
ฝนตกเป็นห่าเลย ภาวนาให้น้ำท่ว,2
หิมะ หิมะ หิมะ >,2
คิดถึงโทมินจุนชิ~ เมื่อไหร่ภาค 2 จิมา?,2
วาเลนไทน์ปีที่แล้ว พี่ก็จัดเซอร์ไพรส์แม่ยกไปดูละครเวที ปีนี้ขอลงไอจีรูปคู่ได้ไหมจ๊,2
ท่าพี่อ้นคุยกะพี่รีนเเบบที่พี่โน่คุยตอนนี้คือเเบบ กูฟินเปนสิบชาติ 555 ,2
ได้ดูตัวอย่างแปบเดี่ยวก็ปริ่มแล้,2
อีกสักพักสิก้าอาจจะอัพรูปคู่จินเจอร์ก็ได,2
วันๆไม่ทำไร นั่งเปิดเว็ปไปรษณีย์ดูสถานะของ,2
อยากมีรักดีๆ ที่ไม่ทำให้ใจต้องเจ็,2
นี่รออยู่คนเดียวนะ... ขนาดฟานี่ยังเปลี่ยนรุปเลยยย,2
ครั้งแรกที่เราเจอกันเธอยังเด็กมากและยังคงจำความไม่ได้ ..,2
ตอบฉันได้รึยั,2
พี่ไม่ได้้มาหลอก รักของเรายังคงอยู่แสนนา,2
ถ้าได้บัตรฟรีอีกนะ จะเอามาแจกอีก นี่พูดเลย ;_____,2
เธอคือใค,2
อยากให้เธอรับรู้สิ่งที่ฉันหวัง และหวังว่าเธอคงตอบกลับมาฉันก็ได้แต่หวังว่าให้มันไปตามสิ่งที่ฉันต้องการ,2
เทพสุนัข อีกไม่นานจะได้อ่านเเล้วสิ่นะ โนมันนี่ด้วยยย,2
จะมีน้องๆคนไหนในเส้นมาอยู่ม.เดียวกับเราบ้างน๊าา,2
คำพูดของกูในวันนี้ทางที่อยากให้มันเป็นแรงผลักดันให้พี่สาวคนนี้นะ,2
วันที่6สิงหา  ฉันจะขอความจำเสื่อมด้วยคน  ถ้าทุกคนพร้อมความจำเสื่อมบนทีเเอลมันอาจจะมีปาฏิหารเกิดขึ้น,2
ไม่ได้อันดับ1 ขอเป็นอันดับ2 3 และ 4 อย่าหลุดนะ ข้าขอร้อง ข้าจะไปจอบมานะที่ตึกเพียรวิจิต,2
ทีมสแตมป,2
ก็แค่ยังไม่กลับมาเท่านั้นเอง ..,2
"ดร.สุรินทร์,กรณ์,อภิลักษณ์,อลงกรณ์,ชำนิ น่าจะเป็นกำลังหลัก ของ ปชป ยุคต่อไปได้ด",2
ครึ่งหลังคงจะไม่ได้เหนหน้า นานี่ อีกน่,2
พูดแต่เรื่องคัมแบ็ค งืมมม แสดงว่าใกล้คัมแบ็คแล้วอ่ะดิ ใช่มั้,2
รึจะเรียนทันตแพทย์ด,2
เพลงประกอบซิทคอมลูกพี่ลูกน้อง อยากให้พี่โน่ พี่ริท พี่กัน อสรพิษร้องด้วยกันอ่า >,2
อยากให้มีคนเห็นเราเป็นคนสำคัญบ้าง ไม่ใช่ด้วยคำพูด แต่เป็นจากการกระท,2
บางที..ซอบอาจจะอยากเซอไพรส์เราก็ได้นะ นี่ก็ใกล้ 16 ตุลาแล้,2
อยากดูฮอร์โม,2
ละครเรียวจังอ่ะ แค่ตอนแรกก็มีอาราชิไปเป็นเกสต์แล้ว แล้วตอนต่อๆไปมันต้องมีรุ่นพี่รุ่นน้องในค่ายจอนนี่ไปร่วมเล่นด้วยสิน่ะ,2
คุณซอพี่จะรอดูรูปที่เธอถ่ายเองในงานนะ เอามาโชว์หน่อยสิค,2
อย่าหวั่น เมื่อยังมีหวัง,2
คิคิ  โต๋กับสาวๆจะเปนแนวไหนน้าาาาาา,2
เมื่อไรเธอจะออนน' นะ'?,2
เมื่อไหร่เมนส์จะม,2
ดูดวงเค้าก็บอกว่าจะได้คนใกล้ชิดเป็นแฟน ไหนวะไม่เหนจะมีสักคน ใกล้จนมองไม่เหนป,2
ต้องเจอไอดอลรันนิ่งพรุ่งนี้น่ะจำไว,2
มีใจบ้างหรือเปล่า คิดเหมือนกันหน่อยเถอะน,2
วันนี้แล้ว!!!!,2
ฝันจาง,2
ทริปนี้น่าจะทำให้เธอ...รักเรามากขึ้,2
อยากไปสวนนงนุชง่ะ,2
น่าเศร้าที่หัวใจไม่ตื่นเต้นกับสิ่งที่ชอบ สิ่งที่อยากทำแล้ว...แต่ก็ตื่นเต้นตรงที่ อะไร คือสิ่งที่ทำให้หัวใจเรากลับมาตื่นเต้นอีกครั้,2
แล้วอย่างงี้หมายความว่าของคนอื่นกำลังจะตามมาสินะๆๆๆ >,2
พรุ่งนี้หวังว่าจะได้ด,2
ไฟหวน พฤษภา นี้ เจอกันน!!!,2
ขอให้เธอไม่มีใครอยู่ในใจ.,2
บฟ.มันจะมีงานมีตเดี่ยวๆมั๊ยอ่ะ?? น่าจะมีไทยในลิสต์นะ แฟนคลับเยอะน,2
ผ้าห่มไม่มีลาย สีฟ้า ผืนนึง -..- แต่สำหรับกูมีความหมายมากว,2
ความรักดีดีอยุ่ที่ไห,2
เหนื่อยเหลือเกิน กับกา,2
วันปัจฉิม เคยคิดเล่นๆว่า งแฟนเก่าจะมาขอคืนด,2
สาธุ... ขอให้มีคนแต่งฟิคทูนี่ ภาษาไทยให้กรุอ่านทีเถอะ ...ตรูมึนภาษาปะกิ๊ดบ้างอะไรบ้าง - -,2
"บางทีนักข่าวควรทำสกู๊ป ""แทยัง แฟนแทสติกแฮร์สไตล์"" นะ โดยเมนชั่นไปที่ แรงบัลดารใจที่ทำให้แทยังเปลี่ยนทรงผมในแต่ละครั้",2
พี่จะพาไปเลี้ยงข้าววววว ติดมหาลัยเร็วๆน,2
ไปยังไงก็ให้ถึงสนามบินก่อนตีสี่ครึ่ง - -,2
มีความสุขอยู่ในมุมๆนี้ ก้อเกิน พอ ,2
เป็นทางการสักที วันเสาที่11 สินะ กรี๊สสส!! >,2
ไปแล้วไปลับ อย่ากลับมาให้กูเห็นอีกน,3
หิมะตกภูเรือฮืออออ อังกฤษคือร้อนตับแล,3
ช่วงนี้อิพี่ไม่สนใจใคร นอกจากหน้าตัวเอ,3
ชีวิตแค่โดนทำร้ายยย...อ๊ากกกกสุนทรพจน์เจ้ไก่!!!!! งานมาเรียยย!!!! ซ่อมเลขขข2!!!,3
เกลียดความรักที่เป็นไปไม่ได้ เกลียดนิสัยที่ชอบไปคิดแทนเธอ...,3
เกลียดอีพวกแรดเงียบ !!!!,3
อย่าพูดว่ารักกับกู ทั้งที่ลับหลังกูอ่ะ อีกค,3
คือแบบ ถ้าอี้ฉันจะอยู่จีนถาวรก็สนับสนุนอ่ะ แม่งงงงงงงงง ไม่ต้องกลับเกาหรอกนะอี้น,3
แฟนเก่า(บางคน)อย่ามาให้เห็นหน้า อย่าเข้ามาในความฝั,3
ตีหน้าเศร้าเล่าความเท็จไปอีกกกกกกก,3
ค่อยโทรมาชาติหน้าตอนบ่ายๆน้ะจร้,3
คนที่ไม่เขยิบให้คนอื่นนั่งทั้งที่ที่ว่างข้างตัวเองเหลือเยอะมากนี่ต้องเห็นแก่ตัวขนาดไห,3
เลิกยุ่งสักที กูไม่ชอบ,3
เกลียดการโดนมองข้ามที่สุด,3
บล๊อคแม่งเลยดีไหม?? ไม่อยากรับรู้ ไม่อยากเห็น ไม่อยากคุย ตรงๆ ทุกวันนี,3
"แล้ว ""มหกรรมตื่นเช้า"" ก็กลับมาอีกครั้",3
ความรักไม่คงที ความเกลียดสิคงท,3
รำคาน คนบนรถ ว่ะ!! = ,3
ต่อหน้ายิ้มให้ ลับหลังนินทา ;,3
อยากเดินไปเบ้ปากมองบนใส่หน้า แล้วบอกว่ามึงตอแหล  ,3
กูเกลียดเด็กห้องกิ๊ฟอยุ่คนนึง มาตบกับกูปร้,3
เซ็นลาดคนเยอะสั,3
คนบ้าอะไร แม่งมึนได้ใ,3
ชาร์ตแบต(เล่นทวิต)อยู่ดีดีแมร่งยึดโทรศัพท์กูเฉยเลย !,3
มึงมันโง่เอ,3
เสล่อแร,3
อยู่คนเดียวในลิฟท์ตอนค้างระหว่างชั้น เพราะฝนตกหนักไฟเลยตก ลิฟท์หนีบแขนจนต้องใช้ยาพ่นคลายกล้ามเนื้อเกือบเดือน กูผ่านมาหมดล่,3
เรื่องนี้จริงแค่ไหนไม่รู้ แต่ถ้าเกิดเป็นเรื่องจริงเป็นใครก็ต้องเสียใจป่าววะ จะทำอะไรทำไมไม่คิดถึงใจพวกมันบ้า,3
เจอด่าน - - รถติดยาวเลยจ้,3
จะรักทำไมคนเห็นแก่ตัว..จะรักทำไมคนที่ไม่พร้อมจะฟังเรา..จะรักทำไมคนที่หลอกลอ,3
อย่าได้เจอกันอีกเลยวิชากา,3
เราโชคร้ายที่เกิดมาหวั่นไหวง่าย คุยบ่อยๆ ทักบ่อยๆก้ชอบล,3
เหอะกูไม่ชอบคนขี้ประจบ ,3
ปีนี้เหี้ยจั,3
คราวหลังจะได้ไม่ต้องจริงจังกับงานกิจกรรมมหาลัยอีก!!! ถ้าองค์การเท อานนท์ก็ควรเทงานต่อไ,3
หลายครั้งแล้ว กับการบอกพอแนวข้อสอบแต่ล่ะวิชาคนอื่นไป พอถึงเวลาถามคนอื่นบ้าง กลับไม่มีใครยอมบอกมหรือบอกแค่ 2/5 อ่ะ จะกั๊กไว้เพื่อ ?,3
กริยาก็ต่ำนะ เอาจริงๆ แต่ชอบทำเชิดหน้าชูค,3
อยากเอาน้ำสาด แล้วเอาพัดมาพัดๆๆๆๆ ให้มึงหนาวจนเป็นหวัดเลยค่,3
ถ้ากูไม่ได้ มึงก๊ไม่ต้องหวัง !,3
หน้าร้อนทีไรสิวหน้าอกกูกลับมาอีกล่,3
มีความสุขมากเลยสินะ เหอ,3
ชั้นเกลียดคุณค่ะ จบน,3
ในเมื่อเูธอรู้ว่าฉันไม่ชอบเลย ได้มั้ย ที่รักคราวนี้ฉันขอเลย ถ้างั้นเธอช่วยเกลียดเค้าให้เหมือนกับฉันได้มั้ย...เธอ..,3
ยอมเสียเงินให้กับทุกอย่างได้ ....ยกเว้น.... ค่าธรรมเนียม,3
เกลียดเวลาแบบ กูตอบดีๆแล้วอยู่ๆลอกว่า เรื่องของมึงอ่ะ เป็นโมเม้นที่เหี้ยมา,3
ถ้าจะเข้ามาเพราะ  ก้ออย่ามาเล,3
แย่งกูเปลี่ยนช่องจังนน,3
ไม่สนิทอย่าขึ้นหน้,3
เจ้กัลลลลลลลล,3
มองออกไปนอกระเบียง..ฝนตก หยิบร่มออกมา เดินออกมาหน้าหอ..ไม่มีฝ,3
พวกก่อการร้ายคือเลวโดยสันดาน หน้าตัวเมีย แค่เอาศาสนามาอ้างบังหน้า ศาสนาทุกศาสนาไม่เคยสอนให้ใครไปทำร้ายคนอื่,3
ไม่เหลือเเล้วโว้ยความไว้ใจ.     ทำไมกลายเป็นความผิดกูเฉย=..=. ,3
เข้มแข็งกลางวัน อ่อนแอกลางคื,3
ทำไมต้องมโนหนักขนาดนั้น.,3
คนเรานะหน้าไม่ดีแล้ว จิตใจยังเลวทรา,3
เกลียดความรู้สึกแบบนี้วะ ที่รู้ว่าต้องอกหักตั้งแต่เริ่มชอบ รู้ว่าต่อให้ชอบเค้ามากแค่ไหน ทุ่มเทไปมากเท่าไหร่  มันก้อไม่มีทางสมหวั,3
ไม่เติมโปรบีเพื่อจะห่างกับคนอื่น..พอมึงเติมคนคุยเยอ,3
เคยมั้ย...เกลียดคนคนนึงเอามากๆถึงมากที่สุด ถึงมันจะทำดีแค่ไหนมันก็แค่การใส่หน้ากาก..สุดท้ายแม้งก็เอาสันดารเลวระยำมาใช้อยู่ดี..อีสั,3
ไม่ชอบ อัธยาศัยดีเกิ๊นนนนนนนน ,3
คนบางคนผ่านมาแค่ผ่านไ,3
กูเกลียดหน้าฝน เกลียดความเดียวดาย เกลียดความคิด เกลียดการอยู่คนเดียวไม่ได้ เกลียดความคิดถึง เกลียดการรอคอย,3
รู้ตัวหน่อยนะ ไม่มีใครเค้าชอบคนเห็นแก่ตัวอย่างมึงเท่าไรหรอกนะ!,3
เกลียด คน โกหก มา,3
คนอะไรทำไมเห็นแก่ตัวจั,3
โยชิ คือบุคคลที่ทำให้คนมองเพศที่ 3 แย่ล,3
เกลียดดดดดดดด แม่งถ้ามึงทำแบบนี้มึงไปเอาผ้าถุงมานาใส่เหอะ มึงเอาตัวเองให้รอดก่อนเถอะ ควายยยยยย มีไรคุยกันตรงๆดิ อิขี้ฟ้อ,3
จะเทก็เทซะทีเหอะดวก!!!!!!กูเห็นมึงพิมคำนี้มาร้อยทวิตได้ละมั้,3
ดูหน้าตอแหลๆของมันด,3
ชื่นชมบูชาในสิ่งที่ไม่มีตัวตน แต่กลับเบียดเบียนสัตว์ร่วมโลก ชาตินี้ชีวิตคุณไม่เจริญหรอกค่,3
"เกลียดอะ ""การบอกเลิกคือประโยคบอกเล่า ไม่ใช่ประโยคคำถาม",3
ใครส่งสติกเกอร์ค่านิยม 12 ประการมากูด่าอ,3
ทำไมกูต้องมาทนกับมึงด้วยเนี่ย มึงนี่ตัวถ่วงชีวิตกูจริงๆ -------------------> อีห่าคณิตศาสตร์ อ่ออออยังมีอีกตัว อีห่าเคมีนี่เอง -_,3
เกลียดความเหงา เกลียดความเพ้อเจ้,3
ยังปากหมาเหมือนเดิมเลยนะคะ บางทีก็แอบสงสารคิ..เค้านะ มีผัวครองแชมป์ผชปากหมาไปอี,3
สตอเบอรี่หนักขนาดน้านนนนนนน,3
ไม่ชอบหน้ามันเลย อยากเตะมันโคต,3
555555555555555555555555555555555555555555555555555555555555555555,3
ฝันอิกแระ กุไม่เข้าใจทำไมต้องมั,3
นี่เกลียดมากเลย เจอรองเท้าที่ชอบ แต่ไม่มีไซส์  ยิ่งไม่ใช่คนที่จะชอบรองเท้าไปทั่วอยู่ด้วย  เสียจายยยยยย,3
ข้าไม่เข้าใจคนพวกนั้น มีเหตุผลอะไรที่ต้องให้ข้าทำ เบื่อมากคิดว่าข้าว่างสิน,3
เลิกตอแหลเหอะ กูเอียนว่,3
เศษสวะตัวไหน หรือกลุ่มไหน ที่สร้างสถานการณ์ เอาชีวิตคนบริสุทธิ์มาสังเวยเป็นว่าเล่น ขอให้ครอบครัวโคตรเหง้าศักราชของมึงฉิบหาย ไม่ตายด,3
ศุลกากรนี่จ้องจะแดกตลอ,3
นอนคว่ำหน้าดูการ์ตูนไง แล้วเมนส์ก็ไหลไง อีสัสเปื้อนเลยไหมล่,3
ต่อไปมีไรจะพูดตรงๆบ้าง อย่าถือกูก้แล้วกั,3
ไหนบอกจะอ่านหนังวือ ยี่นอนตั้งแต่สอบเสดยันตอนนี้....พึ่งตื่นมาก็เล่นโทสับ///ตีมือตัวเอ,3
พรุ่งนี้ไม่อยากไปร.ร. ไปเจอครูที่น่ารังเกียจ ครูที่ไม่เคยสอน ครูที่คอยด่าและดูถูก ครูที่ไม่เคยสนใจใครนอกจากตัวเอง ครูที่ตีสองหน้,3
13นี้ นี่ต้องดิ่งจาก ศาลายา ไป ดอนเมืองจ่ะ .... งานวางแผนล่วงหน้าต้องมา จะไม่โทษม๊อบนะ 55555 แต่ถ้าเจอม๊อบแดง คือ เบะปา,3
เกลียดตัวเอง..ที่ร้องไห้เพราะประโยคเดียว ของอิครูตอแหลนั่,3
มารชีวิ,3
พี่เห..เลยว่ะ ไม่อยากได้ไอเห..นี่เปนพี่เล,3
เกลียดการต้องเข้าโซเขียลมาทำอะไรซักอย่าง แล้วเสือกเล่นเพลินจนลืมว่าจะเข้ามาทำอะไร จนปิดแอพแล้วถึงนึกได้ว่าไม่ได้เข้ามาเล่,3
เน็ตหอแม่ง...,3
วันนี้มันวันอะไรห้ะ? กูเซ็ง กูเบื่อ อยากลาโลกไปเลย ห่านี่ !,3
อีบ้าผู้ชาย อีหลงตัวเอ,3
ปล่อยๆมันไป เดี๋ยวมันก็คงคิดได้เองว่าอะไรเป็นอะไ,3
นั้นนะสิ 55,3
ฝนจะตกก็ตกไป จะฟ้าร้องทำไมมมม,3
ทำไมความรู้สึกกูอยู่ดีๆเกลียดมึงอ่ะ ?? ,3
อิน้องเวร !,3
เบื่อตอนที่คิดได้ว่าตัวเองกำลังคิดอะไรอยู,3
ไม่ใช่เรื่องนิ สนไมล๊ะ?! เหอะ,3
ฝนตกก,3
เอ็นดูในความเล่นเวฟ ดูเด๋อด๋าแต่ก็มั่นหน้าของนางจริงๆ รักสุดคือช็อตคงต้องไปเกิดมหท่อาฮะถ้าจะให้หน้าเหมือนผ,3
มึงคือกูหงุดหงิด รูปน้องยอลสองนิ้ว หน้าตาแอ๊บแป๊วยังกะเด็กผุ้หญิงเเล้วมึงบอกว่าพี่ชานโคตรเเมน เดี๋ยวๆ ตาบอดหรือใส่เเว่นด,3
แน่จริงมึงก็ฟอลอย่ามาส่องละเอาไปด่าลับหลั,3
คุณคิดว่าคุณเป็นใครห๊ะ!!! มาบอกว่าเป็นภาษาราชกา,3
"ดีแต่ให้ร้ายคนอื่น ความดีมีแต่ตัวเอง!!  แบบนี้ก็ไม่ไหวนะคะคุณขา><""",3
เป็นไงบ้างสบายดีไหมม? เป็นคำถามที่กูจี๊ดดดมา,3
ต่อหน้าอีกอย่างลับหลังอีกอย่าง,3
เมื่อคืนฝันถึงป้าโบท็อ,3
ไม่ร้องไม่ใช่ไม่รู้สึก แค่รู้สึกแต่น้ำตาไม่ไหลแล้วไ,3
ตอนแรกก็ชอบสวนรถไฟนะแต่เริ่มจะเกลียดและอีเหี้ยคนที่กูชอบก็ไปเดทกับแฟนที่นั่นอดีตที่กูเคยชอบก็ไปเดทกับแฟนที่นั่นเช่นกัน,3
เอารถไปเปลี่ยนน้ำมันเครื่อง มีบริการล้างรถให้ฟรี ล้างเสร็จปุ๊ป...ฝนกระหน่ำเทลงมาอย่างกับฟ้ารั่ว!!,3
ฉันป่าวขอนะแฟนคุณชวนฉันเองนะจะมาโวยวายไม่ได้นะจะมางี่เง่าไม่ได้น,3
แดกไม่หยุดจริงๆ ว่างแดก ว่างแดก ไม่แปลกใจทำไมอ้วน อ้วนสวยไม่ว่าเลย นี่อ้วนอุบา,3
อิเอ๋อออออออ,3
ไม่แตะให้เป็นเสนียดหรอ,3
ทำไมพูดมากจังเรื่องชาวบ้าน ขยันเสือกจิงๆนะมึ,3
รู้งี้ฝากน้องซื้อบัตรก้ดี แม่งเสือกตรงกะวันสอ,3
อย่าหวังจะได้เงินจากฉัน ถ้าแพทนั้นยังไม่ม,3
กากบาท ผมนี่เทเลยครั,3
รำคาญข้างห้องมาก เสียงดัง น่ามคาญ นึกอยู่ในถ้ำหร,3
อ่าจะไม่ฟอลแบคใช่มั้ยผมจะได้อันฟอล แล้วมาบอกให้ฟอลทำไมครั,3
กมรส,3
กูเผลออันฟอลใครป่าววะ ยอดฟอลมันน้อยล,4
พร้อมกับการเปิดเทอม แต่ไม่พร้อมกับการเจอเกร,4
นี้ฝนเธอจะตกก็ตกธรรมดาได้ไหมจะตกแบบลมแรงฟ้าร้องเสียงดังฟ้าแลบแป้รบๆทำไ,4
ความกลัวทำให้เป็นคนระแวดระวั,4
จะไม่สัญญากับใคร!,4
หากวันนั้น ฉันนั่งแถวหน้าแบบนั้น แล้วจงอินมาเปิดเสื้อแบบนั้น..,4
จิตตก,4
คุยกันแบบนี้ทุกวัน แล้วถ้าวันนึงกูรู้สึกมากขึ้น กูจะทำไงดีว่ะ ,4
มาริจังมาแล้,4
กูควรจะเลิกเพื่อเพื่อนดีไหม แล้วให้กูเสียใจและเสียใครไปแท,4
กี่เพ้านี้มีความลับใช่ไหม.. *กดเปลี่ยนช่อง,4
ไหวตอนเดินห้าง(เซนทรัล) / ไหว จุดศูนย์กลางที่ภูเก็ตแรงสุด เพราะเป็นการไหวบนพื้นดิน แรงมากจริงๆ เสียงดังด้วย คิดแล้วใจยังสั่นๆ ;_,4
ฝรั่งพูดซอรี่อย่างห้วนห้ว,4
ถอนฟันไม่เจ็บ จริงๆนะ 55555555,4
ผู้ชายผมยาวหยิด หน้าขาว ปากแดงคืออะไรรร,4
ไงล่ะ ฝันเห็นผีทั้งคืน หลอนมา,4
รื้นมาหลอนเต็มเบ,4
เราไม่เคย หายจากกันไปไห,4
พรุ่งนี้เกรดออกแล้วววววว,4
แต่ที่รู้ๆ พรุ่งนี้วันชี้ชะตาของหนูล่ะค่ะ จะอยู่วิทย์คอมต่อดี หรือจะไปตามทางใหม่ๆ 555,4
มีสิ่งไหนที่ทำให้ฉันมั่นใจว่าเธอจะเลือกฉั,4
ไม่รู้สึก ไม่ชอบ อย่ามาอ่อ,4
คนรู้จักเริ่มกลายเป็นคู่จิ้นไปทีละคู่,4
เอาจริงๆปะเทรนหน้าขาวคอดำนี่ชักทำให้หลอนละ ถึงจะเป็นศลป.ที่ปลื้มก็เหอะ 555,4
คนในข้อความของเธอนั้น เป็นฉันรึเปล่า ขอให้เป็นฉันได้ไห,4
อิบร้าาาาาานี่กุควรนอนต่ออีกรอบไหมว่ะเนี่ยยยยยบร้าบอมากกกกตื่นมาทำบร้าบออารายยยตอนนี้หมาอันหอนอ่าาาา,4
ต้องมีชยาวอลดราม่าแน่นอน พวกแยกแยะไม่ออกอันไหนงานอันไหนความเป็นจริง ป่วนคีย์ในไอจีไรงี,4
น่ากลัวจุง  ไม่ดูแล้ว,4
เดี๋ยวเปลี่ยนชื่อกลับ ห้ามดราม่า 5555555555,4
อีสัส เพื่อนโทรมาตอนตี2 เเล้วไม่พูดห่าไรเลย ดอกส์,4
เริ่มไม่อยากดูละครรักคุณเท่าฟ้าแล้วส,4
อาบน้ำล่ะนะ.ผีชมพูม,4
ผมคงไม่ลิมิตแต่เช้านะ -..,4
เอาจริงว่าช่วงนี้ถ้าเจอเพื่อนก็จะพยายามถามว่าไปทำงานแล้วต้องทำอะไรบ้าง ได้ทำอะไรบ้าง ใช้โปรแกรมอะไรบ้าง เหงามั้ย มีคนคุยด้วยมั้,4
ไม่อยากให้ชานยอลไปเลยอ่,4
ฉันผ่านความกลัวของตัวเองไปได้ แค่เดินผ่านแม้ใจจะกลัวแค่ไหน...,4
ขี่รถก็ร้อง ถึงบ้านก็ยังร้อ,4
ไปนอนแล้วนะ ฝันหวา,4
เค้าจะลืม สัญญานั้นรึเปล่าว,4
เปิดเทอมวันแรกเขาจะตรวจผมป้าวว้า  -_-,4
ดูคนอวดหมีคนเดียว เข้าถึงอารมณ์มา,4
คะ กูเก่งแค่ในแชท ตัวจริงนิกูไม่กล้าเลยย,4
บางครั้งก็อธิบายเป็นคำพูดไม่ได้ แค่อยากบอกว่า,4
ฉันยังหลอกตัวเองอยู่ว่าตอนนี้ ฉันไม่เปนไ,4
โคตรเสียวติดลิมิตอ่ามึงง,4
ขอบคุณที่ทำให้เราไม่เคยชอบใครอีกเล,4
ชิพหาย ต้นผ้าป่ายังไม่เสร็จแต่กลับอ่ะดีแล้,4
จะโดนหางเลขมั้ยวะ ..,4
จะเริ่มคุยยังไงดี,4
กูเป็นโรคกลัวเตียงกับรถเข็นโรงบาลหว่ะเวลาเห็นแล้วใจสั่นและไม่กล้ากินอะไรในโรงบาลแม้กระทั่งน้,4
เวลามีคนมาเรียกว่า พรรณผกา จะรู้สึกถึงพลังงานบางอย่างมา,4
จะต้องทำยังไง เลิกเล่นฮอนยังไง ตื่นมาไม่ทำอะไร ตีดอททั้งวันทั้งคืน นอนวันละสองชั่วโมง ไม่กินไม่เอาไม่อาบน้ำ เพียงคิด ... น้ำตาก็ไห,4
"ถึงตอนนี้เราจะมั่นใจในสิ่งที่เลือก แต่ถ้าวันหนึ่ง ""เรา"" เจอเหตุการณ์อะไรก็ตาม ต่างคนต่างจะคิดว่า ""เลือกผิด"" รึป่าว  ",4
ทร-313,4
เฮอะ!! วันนี้ดูแต่หนังผีทั้งวัน  เหนื่อยกับการหลบมุมหว่ะ  --*,4
จะจีบกูเลิกเป็นผู้ชายก่อนดิพี,4
ทุกคนต่างก็รู้ว่าจุดจบของอ๊กจองเป็นอย่าไ,4
มันดีหรือมันมีอะไรผิดปกติวะเนี่,4
ชอบช่างทำผมคนนี้ว่ะ ท่าทางแม่งดูดี แต่จะตัดดีป่าวว่ะ -0,4
วันก่อนตาขวากระตุกทั้งวัน พอตกค่ำโดนบอกเลิก เมื่อกี้ตาขวากระตุกกูจะโดนอะำไรว่,4
"สะดุ้งตื่นไลน์ไปบอกพ่อ พ่อบอกว่า""ทำบุญบ้างสิช่วงนี้ไม่ค่อยได้ทำไม่ใช่เหรอ",4
ตัวแม่งโคตรใหญ่ กูอยู่บ้านคนเดียวววว แม่งงูเสือกจากไหนก็ไม่รู,4
ต้องรีบอ่านฟิคสินะ ฟิคที่เฟบไว้ก็เดี๋ยวค่อยอ่าน วันนี้ต้องลงรูป ฮือออ,4
กูนี่จะไปไหนแต่ละทีไม่ใช่เรื่องง่ายเลยนะต้องซ้อมขอพ่อก่อนทุกท,4
ไม่ชอบเสียงสวดมนต์แบบนี้อ,4
ถ้าฉันบอกไปเธอจะปฎิเสธฉันหรือป่า,4
งู.. กูอยากจะบ้า ห่างแค่คือหน้าก,4
ทำจมูกมาซะกูไม่กล้ามองหน้าเล,4
จำเป็นมั้ยที่กูจะต้องมาเจออะไรที่แย่ๆแบบนี้ ในเวลาใกล้กันขนาดนี้ ,4
นึกถึงโพสต์คุณดิวเลย 555มีความสามีภรรยา ป๋าใส่ชุดนี้มาคุมใช่มั้ยค,4
.. ผีมา ตูส์ไปล,4
งานเข้าแล้ว รุจีกับคุณนนท์โดนจับตัว ไปที่ไหนล่ะเนี่,4
ไอเหี้ย ~ ถ้ามึงจะตกได้น่ากลัวขนาดนี้  !!,4
บริจาคเลือดนี่เจ็บมากป่าวว,4
คนอวดผี,4
พรุ่งนี้เกรดจะเป็นไง...,4
เพิ่งตื่น หลังจากเมื่อคืนไม่ได้นอน,4
พยายามหลีกเลี่ยงให้ได้มากที่สุด อย่าให้ได้เป็นแบบนั้นเล,4
ก็เป็นเพราะกลัวไม่เป็นเหมือนวันก่อน. กลัวไม่เป็นอย่างใจหวัง :,4
ข้างห้องสวดอะไรอะะะะะะะ,4
ดึก ๆ ไซนาสคึกจัดเหรอครับ......,4
หลีกเลี่ยงการเจอหน้า,4
เธอจะมีใจรึป่าว เธอเคยมองมาที่ฉันรึป่าว ที่เราเป็นอยู่นั้นคืออะไร เธอจะมีใจรึป่าว มันคือความจริงที่ฉันอยากรู้ติดอยู่ในใจ แต่ไม่อยากถา,4
กูไม่กล้าคุยว้ะ มันไม่ใช่สไตล์ก,4
อีก 15 นาที วันจันทร์มาจะแล้ววว !!,4
เยดหนังสือด้วยอ่,4
แกรรรรรรรรร ใครรีจิ้งจกมา  โอ้ยยยยยยยยยย อหหหหหห ตามมายังทวิต  ,4
"ยังคงเป็นคนที่อยู่ด้วยความ ""กลัว"" และยังคงป้องกันตัว ด้วยความรู้สึกนี้ ",4
ทำไม... ผีญี่ปุ่นต้องเอาผมมาปิดหน้า,4
ครูสมบุญเอาแหมแล้ววว,4
ฝนจะตกก็ตก ฟ้าอย่ามา ...,4
เริ่มสัมผัสได้ถึงพลังของคนมีเมนส,4
บ้านผมฟ้าโคตรแรงเลยล่ะครั,4
ฝนตกแรงมาก ฟ้าผ่าเเรงมา,4
คำบางคำ ที่ฉันยังกลัว จะทำให้เธอต้องจากฉันไป  ,4
แล้วคืนก่อนเป็นคืนที่ 3 หมาหอนเกรียวปกติหมานี่เป็นใบ้มากนะซอยนี้  แล้วเมื่อคืนตี 1 ได้ยินเสียง ผช.ร้องดังมากดังมาจากคอนโดที่เกิดเหต,4
เเม่เปิดดเรื่องผีช่องไหนเนี่ยเสียงดังจั,4
กินเยอะผิดปกตินะ ..,4
วันนี้เล่นเร็วนะ... หรือจะมีเซอร์ไพส์อะไรตอนท้าย.,4
นี่ๆๆๆๆ ไปเอาความคิดแบบนี้มาจากไห,4
ถ้าอยู่ในโลกนี้โดยที่ไม่มีคนที่เรารัก เหมือนอยู่ในที่กว้างๆ แล้วต้องเดินคนเดีย,4
พี่คะ  อย่าถึงเนื้อถึงตัวนู๋มากได้ไหมคะ โตแล้ว เดินเองได้ ข้ามถนนเองได้ ไม่ต้องคล้องแขนจับมือได้ไหม  ,4
คนรีน้องก็น้อย เรียกแทบว่าไม่ถึงสิบแล้วกูรีมาน้องเห็นกูเอารูปน่องมาลงเป็นเบือ น้องไม่กลัวกูเหรอว่,4
อธิบายความรู้สึกตอนนี้ไม่ถูกเลย วันไหน เมื่อไหร่ ไม่รู,4
รักเราจะเป็นยังไง?,4
กลัวเหี้ยๆ กับคำว่า 'ตาย,4
รอดตายไปอีกหนึ่งคืน ไม่ชอบแบบนี้เล,4
ก็รู้ว่าทุกๆครั้งมันไม่มีทางเป็นไปได้...เลยไม่กล้าจะรู้สึ,4
พน.ประกาศหัวเฉียวแล้วววว,4
ฉันเองก็กลัวอดีตจะกลับมาทำร้ายฉันอีกครั้,4
ใครจะประกาศอะไรมั้ย....,4
ฐิติศักดิ์ชอบทำตาขวางใส,4
ตอนเดินกลับ  กะจะเดินผ่านศาลาวีรชน  พอเฟิร์สทักเท่านั้นแหละ  เดินอย่างไวเปลี่ยนเส้นทา,4
ไม่รู้เป็นเพราะนอนทับแขนตัวเองป่าวนะ ตื่นมาแขนข้างขวาจะชาเหมือนเหน็บกินไล่ไปถึงนิ้วกลาง-นาง ทรมานมากอะ เป็นมาหลายครั้งล,4
เพราะว่าใจ..,4
พน.สอบยูโด,4
อารมณ์คนเวลาโมโหนี่น่ากัวมากๆ ทางที่ดีจะไม่สร้างปัญหาให้ใครเลยจะเป็นการดีกับเราสิน,4
จะมีรึเปล่,4
สุวรรณมัจฉาค่ะ!!!!!!!!!!!!!!!!!!!!!!!!!!!!!!!,4
น็อตโตะ. อีกแล้ววววว,4
นี่ก็ไม่ค่อยรู้จักกันเท่าไรนะ แต่ทำไมมาติดว้าวเราทุกอันเ,4
ทำไมไม่พูดออกมากับความรู้สึกลึกในใจ,4
รีทวิตเรื่องผีไป กูก็ไม่อ่า,4
เมื่อเช้าหลวงพี่มาปลุก เล่นจ้องเข้ามาสะติดกระจกเลย ดีนะไม่ร้องเเหกปาก นึกว่าผ,4
นั่งอ่านบ่วง ประเด็นคือมันเป็นหนังผีและมีรูปผีประดับอยู่ - - แต่งหน้าเหมือนไปน,4
วันนี้เลิกเรียนกลับบ้านเร็วผิดปกต,5
เห้นพี่ชายออนแล้วตื่นเต้นเล,5
"ไม่ว่าจะทวิตอะไรดีไม่ดี ใครพอใจไม่พอใจ แต่โปรดเข้าใจว่าวินาทีที่เราพิมพ์และกดทวิต ""มันคือความสุขของเรา",5
จากที่เคยหาได้ง่ายๆ ก็กลายเป็นเรื่องยา,5
เจอดินสออันเป้นที่รักแล้,5
เหยดดดด กูเริ่มอ่าน-แปลภาษาญี่ปุ่นออกแล้วถึงจะได้เป็นบางคำก็เหอ,5
มีคนทวงคอเมะด้ว,5
เย้ๆๆๆๆ ได้แล้วววววววว 720 บาทเอ,5
ไม่อยากจะเชื่อตัวเองเลยว่าจะทำข้อสอบกม.ที่ดินได้หมดทุกข้,5
วันนี้หนูขออ่านฟิกยันเช้าเถอะะ,5
การมีความสุขง่ายๆคือการที่เรารู้ตัวว่าตอนนี้เรากำลังสุขอยู,5
^_________________^  ขออนุญาตหน้าบานนิดนึ,5
ได้เพลงใหม่อีกแล้,5
ไม่รู้จะบอกยังไงดี พฤหัสนี้จะไปรับรถแล้วนะค่,5
พอได้ใช้คอมห้องสมุดเล่นดาบนะ... คอมอื่นคือกากไปเลยอ่ะ อยากสิงอยู่นั่นทั้งวัน คอมดี เนตแรง คนน้อย อะไรก็ไม่ค้า,5
หยุดงาน 3 วัน : เที่ยวช๊อปซะ 2 วันเต็มๆ อิก 1วันเต็มๆ ก็นอน นอน แบบไม่ต้องทำมาหากิน ฮ่า ๆ พักผ่อนนนนนนนน...,5
ความโกรธก็เป็นความรู้สึกหนึ่งที่เกิดขึ้นเพราะความรัก,5
เรียนอีกแล้ว เด่วกลับมาดู ผช ต่อ 55,5
เครื่องจะเข้าเขตประเทศไทยแล้วววววว!!!!!,5
คนจะเยอะไปไห,5
กรี๊ดดดดดด มีคนเม้าท์พี่ไมเคิลกับกุแล้วโว้ยยย,5
หลายคนที่มาทำเนียบวันนี้ เหมือนมางานวันเด็ก แล้ววิ่งถ่ายรูปกับพี่อุลตร้าแมน อะไรอย่างนั้น เมื่อวานกลับวันนี้ ช่างต่างกันจริง,5
มันใกล้จะถึงฤดูกาลของโฮของใช่มั้ยย,5
ทคคได้ออกทีวีไทยอยู่ประมาณ3วิ....,5
ฝนจะตกแล้วเจ้าข้าเอ๊ยยยย,5
แต่ทำได้ด้วยอ่าาาา,5
อยู่กับฉันนานๆ นะ,5
เริ่มดูพวกรายการเกาหลีที่ต้องอ่านซับ กูก็เริ่มมีสกิลดี ๆ ติดตัวละ คือขนาดดูพี่เอกแคสวอกกิ้งเดดเปิดซับอังกฤษกูยังอ่านแล้วก็แปลตา,5
เมื่อกี๊น้องลูกค้าชมส้มตำอีกแล้ว นี่ปลื้มปริ่มนะ,5
มีคนเคยบอกว่า ถ้าทุกข์ใจให้มองอดีต ถ้าท้อใจให้มองอนาคต  มองอดีตเตือนตัวเองว่าครั้งนึงเคยสุข มองอนคตเผื่อผลักตัวเองให้ลุกยืนขึ้น,5
อ้าว!! เมื่อคืนทีมรักชน,5
กูผ่านกดหมายแล้วโว้ยยยยยยยยยยยย,5
นอน..อีกครึ่งทางก็จะถึงบ้านแล้ว!!,5
หลุดลิมิตแล้วโว้ยยยยย,5
กุพับดาวเป็นแย้ว -3,5
อะไรที่เป็นยุนแจนี่มโนว่าจริงหม,5
มีความสุขอีกแล้ว อยู่ด้วยกันไปตลอดเลยได้มั๊,5
อีก 1 เดือนเท่านั้น!!! (,5
อีกหนึ่งอาทิตย์ก็จะได้กลับเชียงใหม่แล้วววววววว ><,5
ได้เวลาเสียเงินยกใหญ่ เ,5
เล่นว่าว แล้วเข้านอนดีกว่,5
โอ้ยยยยเขินสัสสสส,5
ถูกลอตเตอรรี่ครั้งแรกในชีวิ,5
พรุ่งนี้จะเจอแม่แล้,5
เวลานั่งหลังกระบะไปเที่ยวต่างจังหวัดนี่มันได้อารมณ์ดีนะ ถึงผมจะสังคะตังนิสหน่อย แต่ก็ได้ฟิ,5
กินหมูแฮมอีกแล้ว :,5
วันนี้บ่มีประชุมจ้าาาาาาาาาาาาาาาาาาาาาา,5
ยิงนำแล้วคร้าบ,5
ครั้งสุดท้ายที่ตั้งใจไปบริจาคเลือดแต่บริจาคไม่ได้เพราะเลือดจาง ครั้งนี้ปกติแล้,5
5555555555+ ฉันหาเม้นท์พี่แทเจอแหละๆๆครั้งนี,5
เป็ดทิงนองนอยมาแบ้วว,5
อยากไฟแรงเหมือนช่วงสอนแรกๆแค่โทรเรียกคือไปอย่างไว ปัจจุบันนี่งอแงทุกวันร้องอยู่ไม่เอาแล้วไม่สอนได้ไหมอยากกลับบ้านเด็กงดนี่กรี๊ดลั่นสร,5
ต่อไปนี่เราจะนิ่ง ไม่พูดไม่จา ไม่เต้นแน่นอ,5
ถ้าท่านอยากมีความสุข ท่านจงให้ความสุขแก่ผู้อื่,5
ไม่น่าเชื่อว่าอยุธยาจะกู้เกาะเมืองได้เร็วขนาดนี้ !  เยี่ยมๆ,5
นั่นไง จะได้เจอจุงกิแล้วกุ กรีสสสสสสสสสสสสสสสสสสสส 555555555555555555555555,5
อาทิตย์นี้ดูหนังทุกวันเลย ชีวิตประจำวันใกล้จะกลับมาเป็นแบบเดิมละ ;-,5
เวลาแห่งความสุข มักจะผ่านไปเร็วเสมอ แต่มันก็จริงนะยิ่งเวลาที่เรามีความสุขมากๆ ความสุขที่เคยมีมันยิ่งสั้นล,5
' โอเย้ . พี่นัทรับเฟสแล้ว กว่าจะรับนะ พี่รับแต่คนรู้จัก แสดงว่า พี่รู้จักปอแล้วใช่มั้ย ? 555,5
ผมยาวเท่าต้นคอแล้วครัชช,5
นั่งส่อง นชร.โดนเชือ,5
เฟสกลับมาแล้ว..,5
วันนี้แดดส่องห้อง,5
ลืมไม่ลง,5
สอบเสร็จแล้วทำให้ผมเป็นบ้า....เห้อ!!,5
กูขาวขึ้น อิฟ้าบอ,5
ตัดรูปไม่สวยทำไม่เป็นแต่อยากทำสีคนละสีเลย55555555555555555555555555,5
พี่ให้เสื้อตัวนึง แหะๆ ,5
วันนี้เราได้เจอกันแล้,5
เยส! ตู้เย็นซ่อมเสร็จแล้ว.,5
ทวิตเดียวมีคนรีทวิตเยอะที่สุดตั้งแต่เคยทวิตม,5
เย้ๆ! การบ้านอังกฤษงานแรกจะเสดแล้ว : ),5
ไม่ว่าจะ ตื่นนอน ง่วงนอน นอนไม่หลับ ไม่มีไรทำ อารมณ์ดี อารมณ์เสีย...กูก็จะเปิดทวิต,5
วันนี้คุณน้า โทรมาจากออสเตเรีย  ดีใจลูกชายสอบเรียนหมอได,5
สั่งจองไปแบบไม่ยั้งคิดอีกแล้ว... ฟิคเรื่องที่5ที่สั่งจองแล้ว พธูธธธ,5
ก้อสมัครไง ไปปีเดี่ยวเอง555,5
ความจริงก็ฟอลกันอยู่แค่นี้  รีไป คนอื่นก็ไม่เห็น แต่อยากร,5
เขาบอกว่าสายตากูยังปกติ ไม่่ขึ้นเว้ยเฮ้ย!!!>,5
จำได้และอย่างนึงเว้ยยยย!!,5
โลกของเรา 3 วั,5
รับปรึกษา สายตรงมาได้เลยนะ 555 คงจะนอนดึก อ่านสือสอบ ยุว ไม่รบกวนหรอก อ่านไปก้ไม่มีสมาธิ ข้างบ้านมันมี หมอลำ ตอนนี้ก้อ่านไปเต้นไ,5
วันนี้เพื่อนเลี้ยงทุยคอฟฟี,5
เดือนนี้มีแต่เรื่องดีๆเนอ,5
อร๊ายยยยยยย เจอคนที่จิ้นคู่เดียวกะกูแล้ววววววว >[],5
เคยปะ ? แอบหนีเพื่อนมาเพื่อเจอเขาแค่ไม่กี่วิน?าที ยอมเดินอ้อมใกล้สุดๆ เพือที่จะได้เจอ,5
"โย่ววว !!! วายจีแฟมปล่อยโหลดแบบเต็มรูปแบบแล้วว , พรุ่งเจอพี่แน่น้อง !!!! ฮ่ะฮ่าาา",5
บัตร 500 เดี่ยวเก้าครั้งนี้เป็นการแบ่งแยกชนชั้นโดยแท้จริง......,5
อร๊ายยย~~ อะไรออกมาอีกเนี่ยยย???  เพลงของเสี่ยวจูในบั้ม 9 ออกเพิ่ม >//,5
ได้ 16 เต็ม 20ผ่านครึ่งละโว้ยยยย!!!,5
ขนมน่ะ เค้กน่ะ มีไว้ให้กิน ไม่ได้มีไว้แค่มอง จงกินเถิ,5
ปิดเทอมแล้วสั,5
อืม ความรู้ภาษาอังกฤษที่กูร่ำเรียนมาได้ใช้แล้ว ณ ทวิตของ เอเวอร์ลาสติ้งแฟ,5
จังหวัดที่มีความสุขน้อยที่สุด 5 อันดับ คือ จ.สมุทรสงคราม สมุทรปราการ สระแก้ว ภูเก็ต หนองคา,5
ยังจำอารมณ์ที่แหกปากร้องนัมเบอร์วันที่คอนอมอยู่คนเดียวได้ ทุกคนเงียบกริบ อินี่แหกปากสุดฤทธิ์ อยากให้พี่สาวได้ยิน ร้องจบก็น้ำตาไห,5
เย้! สีผมซอฟท์ลงแล้ว :,5
เหนื่อย เป็นศูนย์กลาง  ปัญหาเยอะ  ยอมๆกันหน่อยได้มั้ย,5
อร้ายยย!มีเพื่อนเรียนมหิดลแล้ววววว,5
เสื้อหมูที่กูขาย แลดูเพื่อนๆจะใส่กันบ่อ,5
การตัดสินใจ อะไร ลงไป ต้องรู้สึกดี ทั้ง ฉันและเธอ ,5
ไม่ได้เจอกันนานเลย จนลืมไปแล้วว่าเธอหน้าตาเป็นยังไงน,5
ทุกววันนี้เวลาฮัมเพลงขณะเรียน จะมีเพื่อนคอยร้องต่อเสม,5
เห็นคนใส่เสื้อที่เราทำด้ว,5
จิงดิจุนฮยองกับฮารากเลิกกัน ,5
กูจะโดนลุงเม้นแมวอึ๊บแล้วโว๊,5
ฮวย ~ เซ็งคักคัก เซ็กปุ๊ปทำไง ? ดราม่าต่,5
"""ในวัยที่ย่าง30 เห็นเพื่อนๆมีรถมีบ้านมีลูกมีเมีย ซึ่งตรงกันข้ามกับกูโดยสิ้นเชิง แต่ไม่เป็นไร อย่างน้อยกูก็มี..""",5
อยู่กับเราไปนานนานน,5
ฟันกลับมาเปรปกต,5
^//,5
พรุ่งนี้ได้หยุดแล้วหลังจากที่ไม่มีวันหยุดเล,5
อยู่กับเรานานอีกนิดนะ ที่ผ่านมาเราเหนื่อยเหลือเกิ,5
วันนี้แม่ดลับบ้านนี่หว่าา,5
ง่วงเเล้วโว้ยยยยยยยยยยยยยยยยยยย >/////,5
อยู่แบบนี้ไปก่อน พร้อมเมื่อไรค่อยว่ากัน,5
25/12/2013 วันคริสมาต มีคนมาดีดกีตาร์ให้ฟัง ร้องเพลงให้ฟัง มันเป็นครั้งแรกที่มีคนมาทำแบบนี้ให้ เริ่มหลังรักวันนี้เเล้ว <,5
เลิก4โมงสองวันเองงง>,5
ไม่น่าเชื่อว่าผมทวิตเกี่ยวกับความรักไปจะมีคนรีทวิตด้วยครับ ฮ่าๆๆ,5
มื้อเย็นมีคนเลี้ยงข้าว ๕๕๕๕๕๕๕,5
หือออ คุกกี้รันนน ถึงล้านแล้,5
แกจะแคร์ทำไมแค่เค้าไปคุยสนุกๆกันแค่เค้าโทรคุยกันแค่เค้ารักกันแค่เค้าไม่เห็นหัวแกแค่เค้าไม่แคร์แกแค่แกไม่มีค่าแค่แกมีประโยชน์บางวั,5
คะแนน ยุ่น โอเค ^,5
ตอนเรายังเด็กคำอวยพรที่ชอบคือขอให้ประสบความสำเร็จ ร่ำรวย แต่พอถึงตอนนี้กลับชอบคำอวยพรเรียบง่ายแค่ขอให้มีความสุ,5
พระเจ้าช่วย หายปวดขี้ขึ้นมากระทันหัน,5
หอมแก้มทุกคืนก่อนนอน :),5
นานแค่ไหน (?) กับคำว่า,5
คุณไม่รู้หรอกว่าคุณอ่าเปลี่ยนไ,6
ไม่ตอบก็ไม่ต้องตอบ,6
เรื่องคลับฟรายเดย์วันนี้เหมือนเรื่องในเด็กดีสมัยเราอยู่ม.ปลาย มีคนแบบนี้มากกว่าหนึ่งห่วงความสัมพันธ์สิน,6
สิ่งที่ตั้งใจ !! มิเคย ได้ สมหวังงง  ,6
ถึงจะทำผิดกี่ครั้ง แต่ในใจชั้นก้อยังเปนคุน,6
ฟิคกับเพื่อนอ่,6
ในใจ..คือ..ที่ระบายความรู้สึกที่ปลอดภัยที่สุด!,6
"ม่ายน้าาา ""เชอรีน",6
วันนี้ทะเลาะกันอีกแล้วอ่,6
ถามว่าจะให้ทำยังไง แล้วมึงจะให้กูตอบยังไงอ่ะ บอกไปมึงก็บอกว่าเอาโซ่มาล่ามมึงไว้เลยดีกว่า สุดท้ายกูก็ได้แค่บอกว่าไม่ต้องทำอะไรอ่ะ ,6
เจ็บดีนะกับการรอคอยในสิ่งที่ไม่มีวันกลับม,6
ฉันจะเอาชนะใเธอได้ไงหล่ะ ในเมื่อใจเธอมีแต่เขาอยู่เต็มหัวใจอ่,6
หิว ส้ววววมตำ แต่ร้านประจำปิ,6
เธอไม่เคยจะใส่ใจฉันเลย :,6
"""อนาจ""แขนตัวเองมา",6
ต้องมีเรื่องจำเป็นใช่ไหมถึงจะทักได้ คุยกันก็ถามคำตอบคำ รู้มั้ยกว่าจะถามกว่าจะทักไปต้องคิดนานขนาดนั้น เค้าจะรำคาญมั้ยนะ จะตอบมั้ยน,6
แต่หนุ่มออสเตรียคนนั้นหล่อจริงๆนะ แบบหล่อมากๆ ดูดีมากๆ แบบว่าสเป็กมากๆ เสียงก็หล่อมากๆ แต่แฟนแม่งก็สวยมากๆเหมือนกั,6
มันคงเป็นการยากนะที่จะทำให้เธอ แก้หรือเปลี่ยนอะไรบางอย่างเพื่อฉั,6
ห่าราก!! จะมาจริงเหรอออ~!! คืออยากไปดูชอนดุงอ่ะ! ระยะทางโครตเป็นปัญหาเลย  กูพลาดทุกคอน,6
ทำไมวันเกิดเราถึงไม่มีอย่างนี้บ้า,6
ฮือ แกเมื่อกี้ทำเอส5ตกในเอ็มโพเรีย,6
คืออิจฉา นางไปเที่ยวกับโรงเรียนบ่อยมาก พวกวิทย์คณิตถ้าไม่ไปทัศนศึกษา ก็อย่าหวังว่าจะมีอะไรอี,6
มาทำไมที่นี้ ไปก็ไม่มีใคร.....ม,6
โตมา ก็แรด แต่ไม่มีใครเอาาา,6
อึดอัดและพูดไม่ได้ ระบายที่ใครก็ไม่ได้ ปากไม่ออ,6
เบียดให้นี่ที่เป็นชะนีต้องไปเผชิญละอองฝน เดี๋ยวทำไม นางเดินชิดใน นี่ก็ต้องหลบไง สรุปกูโดนฝนพอดี เออดีเน๊อะ ว่าไม่ได้นางคงไม่ใช่ผู้ชา,6
เมื่อก่อนเขาเคยขอคบด้วยอะะะะตอนนั้นยังไม่พร้อม แต่ตอนนี้พร้อมแล้ว แต่เขาไม่ว่า,6
ไมพลาดเจออ้นทุกทีเลย ตอนเราไปอ้นไม่มา พอเรากลับอ้นม,6
เล่นน้ำฝนทีแรกมันก็สนุกอยู่หรอก พอถึงเวลาป่วยยาว อยากจะกลับเข้าร่มก็ไม่มีใครรอรับอีกแล้,6
น่ารักกว่าเน็ตไอดอลมีเยอะ แค่ไม่ดั,6
ปวดฉี่แต่ไม่อยากลุกเลยอ๊าาาาาาาาา,6
เราต้องหยุดตามทีอาร่าซักพักแล้วล่ะ พักใจก่อน ทำใจดูไม่ได้จริงๆช่วงนี,6
สอบครั้งนี้ คณิตตกให้วิ่ง อังกฤษตกให้คัด สังคมตกให้ทำไรไม่รู้ กูกลัวกูตกคนเดียวในกลุ่มแล้วกลัวเพื่อนจะรังเกีย,6
สักวันกูคงใจร้ายพอที่จะกล้าทิ้งมึ,6
ความเหงา ทำให้เราคิดถึง แฟนเก่า..,6
ยิ่งอยู่ยิ่งเจ็บ :'( ม่เข้าใจ ว่าทำไหม ??ต้องท,6
งื้อ~ ปลาทองมันตายตัวนึง ;_______,6
วันนี้โดนหลายดอกไอดิ ;____,6
ลืมเอาหูฟังออกมา ,6
เมื่อวานเด็กรร.ข้างๆก็ไปละคนนึง วันนี้ก็เด็กรร.กูไปอีกคน อุบัติเหตุเกี่ยวกับมอไซค์ทั้งคู,6
แผลที่มือมาจากไหน .. ที่ตอบไปว่า โดนเพรชที่ชุดบาด .. เค้าไม่แคร์แฟนคลับเธอหรอก ไม่เลยแฟนคลับเธอแค่เค้ามากสิน้ะ ..,6
การที่ไม่ยอมรับใจตัวเองมันทรมานนะ -_-  แต่ถ้ายอมรับใจตัวเองก็ทำผิดต่อผู้ให้ชีวิตใหม่อย่างโอปป้า :,6
พ่อแม่ไม่เคยเห็นหรอกค่ะตอนอ่านหนังสือ ทำการบ้าน เห็นตอนเล่นเกมส์ จิ้มมือถือ แอบหลับตลอ,6
กี้ดดดดดดดดดดดดดด ฉั้นแปะไอนานะ ทั้งวันเลยยยยยยยยยยย,6
"ไม่หน้าหลุดปากพูดออกไป , มันเลยทำให้ไม่เหมือนเดิ",6
ทำไรก็ไม่ถูกใจ เบื่อเหมือนกันน๊า,6
แต่ช่วงนี้ฝุ่นเต็มเลยค่า :,6
สุดม้ายผมก็สายครั,6
กูคงประมาทกับคณิตศาสตร์มากเกินไ,6
สนุกมากมั๊ย ที่เข้ามาทำให้หนูรู้สึกดี แล้วก็จากไปอ่,6
ไม่แปลกใจเลย ที่มีเหตุการณ์ อย่าง 6ตุลา   เมื่อก่อนเป็นยังไง ตอนนี้ก็เป็นอย่างนั้น .. ,6
บ้างทีกูแค่จะตอบเมนเพื่อน แล้วเล่นมุขนี่ไม่พอ เกิน 140 อักษร,6
ปวดหัว อยากมีคนถามว่ากินยาแล้วรึยัง นอนพักสะน,6
อามา พน.กูตายแน่ ต้องมารับมือกันเพื่อนอีอ้วนตั้ง4คน อ่าาาา แค่คิดก้เหมือนนรกล่,6
ไม่ตอบคือไม่อยากคุย ง่าย,6
เห็นหน้า หรือเห็นรูปทีไร อดคิดไม่ได้ว่า ทำไมเราไม่ทำความรู้จักกัน!,6
ตัดบทจบอีกเเล้วหรอ จะพยายามชวนคุยนะ ,6
นึกขึ้นได้พุธหน้าไปโอดี นึกถึงโอดีปีที่แล้ว ปีไหนกรูก็แห้ว แห้วกับคนเดิม ต่างกันที่ปีที่แล้วเค้าไม่รู้ แต่ปีนี้เค้ารู้แต่เค้าไม่เลือ,6
มึงคิดยังไงกับผช.ที่ชมผช. ด้วยกันเอ,6
คำว่าเหนื่อยไหมจากมึงก็ทำให้กูหายเหนื่อยจากทุกอาการที่กูเป็นแล้วหละ แต่ไม่เคยได้ยินนี้ด,6
บางทีก้อ ได้แค่ฝั,6
น้องสาวปาไม่รับเเอ,6
อยากมีโมเม้นกดบัตรกะเค้าบ้างอะ หลายปีแล้วนะเว้ยยยยยยย ฮืออออออออ ผช ไม่ยอมมาอ่,6
เค้าไม่ตอบเรา เค้าคงไม่ว่างคุยมั้,6
หาร้านถ่ายเอกสารไม่ได้เลย จะเอาชีทออเคมไปใส่กระดูกงูซะหน่อย แม่งปิดทุกร้า,6
ตั้งความหวังไว้สู,6
หู้ยยยยยยยยยยยยยยยยย ตั้งเเต่ชอบเกาหลีมา คำว่าลัคกี้เเฟนไม่เคยเกิดขึ้นกับตัวก,6
ทำไมต้องห้ามลอยโค,6
บ้านแฟนไซต์ที่จีนนี่ไม่ค่อยรับสมาชิกเลยนะ,6
บรรยายกาศแบบฝนจะตกเนี่ยแม่งบิ้วกูจังอีห่,6
เรื่องเป็นไง ดูไม่ทั,6
เรียนข้างกัน ข้างซ้ายพี่ที่เคยรู้จัก ข้างขวาคนที่เเอบปลิ้ม แต่เสื้อก็บังเอิญ เป็นรูด้านขวา รู้มั้ย หนูอา,6
ไอ่คนอย่างเรามันก็ แค่ได้แต่เพ้อไปวันๆๆ ๆ ,6
เคยเจอป๋าแล้วเจอบอมแล้วเจอทุกคนในเอสเจแล้วแต่ที่ไม่เจอเลยคือเอสเจครบ13 อยากเห็นสักครั้งแต่คงยาก อยากเห็นโมเมนต์ฮันฮยอกอันนี้คงโคตรยา,6
กูคงอยู่กับมึงได้ไม่นา,6
รู้สึกเหมือนโดนกดดั,6
ผมไม่ทราบว่า 'ทำไมคุณต้องทำกันแบบนี้ด้วย?,6
โกหกเพื่อเอาตัวรอดละสิไม่ว่,6
เหมือนเพื่อนคนอื่น ๆ คงไม่ใช่เพื่อนสนิทมึงแล้วสิน,6
"ไม่มีอะไรเซ็งไปกว่า..""โทรศัพท์พัง""..แง้ๆ..ไม่มีโทรศัพท์ใช",6
กูอาจจะเป็นคนสนุกเฮฮา 'เเต่ใครจะรู้ว่ากูกำลัง..,6
คือต่อให้เราเลือกเมกาก้คงไม่ติดอะน,6
สติ๊กเกอร์ไลน์เอ็กโซ เปิดให้โหลดแต่ในเกาหลีกับเมกาเองหร,6
นั่งตากฝน ร้องไห้ด้วย ไม่มีใครรู้หรอกว่าฉันร้องไห้อยู,6
ถ้ารู้ว่าถาม แล้วมันทำให้แกซีเรียส เราจะไม่ถาม ,6
การเลิกกันไม่ได้หมายความว่า  จะต้องแยกจากกัน แค่ลดสถานะลง แต่ความสัมพันธ์อาจจะคงเดิม ถ้าเธอต้องกา,6
ทุกอย่างฉันคิดไปเองใช่มั้ย ที่เธอทำกับฉันเธอก็ทำกับทุกคนใช่หรือเปล่า? เมื่อไหร่เธอจะชัดเจนซะท,6
อาทิตย์หน้า.....สอบ3วิชา โฮ๊กกกกก คณิตเพิ่ม อังกฤษ2ตั,6
เมื่อคืนก่อนนอนสวดพระคาถาชินบัญชร ซึ่งไม่ได้สวดนานมากกกกกกกก ปรากฏว่าสวดไม่จบ จำไม่ได้แล้,6
เก๊ปซังแย่งเร,6
แอดมินขอไปปาดน้ำตาก่อนนะค,6
บบลอ.กับ ฮนบ. ไปติ่งเด็กแทนแล้วใช่ป,6
ถ้าต้องการที่จะบอกความรู้สึก... ก็ต้องพร้อมที่จะรับผลของมันนน แม้ต้องจากกั,6
พี่แป้งโกะเล่นอะไร ไม่ทั,6
ไม่คิดถึงกันบ้างอ่,6
ไม่ได้ดู  รันนิ่งเเมน,6
บ่นๆๆๆ นะ แต่กูก็ไป 55* แค่รู้สึกว่าเปิดขายบัตรเดือนหน้ามันเร็วไปเท่านั้นเอง ?? ปีนี้กูชวดบัตรแถวหน้า ๆ อีกล่ะมั้,6
ทำไมผญ.ใส่ยกทรงกันได้ว่ะ หญิงใส่แล้วแม่งโคตรอึดอัด หายใจริดขัดมากกกกก,6
อืม ดีแล้ว เอาให้เต็มที่ :) เนี่ยนะ ที่คนรักก,6
อิจฉาเค้าคนนั้นนะที่อยู่เฉยๆก็ได้ใจเธอไปทั้งใจ ส่วนเราพยายามแทบตายไม่ได้แม้แต่เศษเสี้ยวของหัวใจเธอเลย ,6
เป็นรู้สึกหวั่นๆน่ะ ลูกหมาที่เลี้ยงมาตั้งแต่คลอด จนโตแข็งแรง เล่นกับมันมาทุกวัน แล้วต้องขายมันไป ทั้งๆที่รู้แต่แรกอยู่แล้ว ใจหายน,6
เป็นคนที่กินไม่เยอะ แต่อ้วนเพราะไม่กินผั,6
ถ้าพูดตรงๆแบบหยาบ รู้ว่าโลกนี้เหี้ย คนเหี้ยก็เยอะ ขนาดเลือกคบคนยังเจอแบบนิสัยเหี้ยๆก็มี โลกยิ่งกว้างตัวปบบนี้ก็ยิ่งมีเยอ,6
นน.จะเด้งกลับมาที่ 65 อีกแล้ว จะทำเยี่ยงไรดี!?,6
บอสต้องว่าพี่หื่นแน่,6
เขาคนดี มีแล้วมีคนใหม,6
ซอยบางไ,6
พรุ่งนี้วันจันทร์อีกแล้วว,6
เชี่ยยยย บัตรฟรี!!,6
แดกเสร็จทีไรพุงใหญ่ตลอ,6
จริงๆ แล้วในดีวีดีคอนเฮ้เซจั้มควรจะมีภาพบรรยากาศที่ไทยนะ มันสมควรจริง,6
ไอ้เรามันเป็นคนไม่สำคัญอยู่แล้วน,6
ลองมาคิดดูดีๆ  การลงทุนครั้งนั้น ไม่ได้กำไรอะไรกลับคืนมาเลย...,6
บทเรียนแบบนี้หาซื้อไม่ได้ ถ้าไม่ลองคบด,6
เค้าก้บอกชัดเจนแล้วว่าให้พอ แต่เปนฉันเองที่ไม่ยอมรับมัน ขอโทดที่ยังลืมไม่ได้จิง,6
หงุดหงิด ง่วงนอน และอารมณ์เสียเกินกว่าจะเขียนงานส่งชิงตั๋วหนังฟรีจริง,6
แต่กูก็ได้เรียนตอนเย็นเพิ่มอยู่ดี เย้,6
เมื่อคืนฝันว่าได้แต่งงาน  แต่เจ้าบ่าวไม่ใช่เซฮุนอ่ะ,6
แต่พี่เจมส์ติดลิมิตไปแล้ว ตอบเมนชั่นหมิวไม่ได้แล้ว :,6
แค่คิดว่าอยากทำอะไรก็ทำเดี๋ยวไม่มีโอกาสาได้ทำแต่พอตั้งใจจะทำก็ไม่ได้ท,6
อยากไปมีตซุงฮา จอง แต่แบบ ทำไมต้องตรงกับวันไปรด. ฮืออออ,6
เสียใจกับความเลวของตัวเอง จนไม่อยากยุ่งกับใครทั้งนั้,6
ก็บอกว่าฉันเสียดายได้ยินไหม!,6
ดาวอยู่บนท้องฟ้า จะไคว้คว้ายังไงก็ไม่ถึ,6
ท็อป : ผมไม่ชอบที่พวกเธอไม่เรียบร้อยและพูดจาไม่สุภาพครับ >> ท็อปคงไม่ชอบช้านใช่มั้ย แง๊กกกกกกกกกก,6
แกร กยูบอทโผล่มาตอนเราแอบแวะไปเมนชั่นอีกแล้,7
เชี่ย เจมส์จิมาต่อโฆษณาอกชิด นึกว่าจิเอากะเค้าด้ว,7
เพิ่งสังเกตว่า วันๆกูทวิตเป็นร้อยเลยหรอ  เพราะใครกัน,7
โห ช่างกล้าพูด ยังกะนางมารร้า,7
แถวบ้านจุดพลุ สะดุ้งเล,7
งงหมอนะ.ใส่ตลอด24ชั่วโม,7
คุณหลานที่ไม่ได้เจอมาหลายที เจออีกที มึงหล่อมากกกก,7
น้องเภสัชปีหนึ่งมีเนรื่องกันปกติเซ็นท์ในการดูว่าใครผิดใครถูก กูต้องดูออกดิ ทำไมวันนี้เซ็นท์กุดูไม่ออกว๊าา,7
"อยู่ๆ ก็นึกถึงตอนที่แคทพาไปหาแม่แล้วอยู่ๆ แคทก็บอกแม่ว่า ""แม่ นี่แฟนหนู",7
ห๋าาาาาาาาาาาาาาาาาาาาาาาาาา,7
อ๊าาาาาาๆๆๆๆๆ,7
พี่หนุ่ม ศรราม เด็กกว่าแม่เราปีเดียวเอ,7
อ่ะ แต่คันใหม่ก็ตามมาติดๆ แต่สกปรกมาก ไม่เคยเจอแบบนี้เบ,7
รีล่า แบบ กอฟไมค์ มาวินสุด  พี่เรนนี้ดับไปเลย นั้นพี่คุณแน่น,7
เฮ้ย!!!,7
บอมเล่นทวิต!! เหยดดดดดดด,7
รถไม่ติดเว้ยเห้,7
คิตาคามิกินอะไรมา ยิงตอใส่บอส บอสเหลือเลือด 1 แล้วตัวเองก็ยิงอัดอีกรอบ ตา,7
เอ่อแม่ หนูแค่ฟลุ๊คทำข้อสอบคณิตได้นะ ดีใจอย่างกับหนูติดมหาลัย -[],7
ใครเติมเงินเบอร์ดีแทคให้กูตั้ง40บาทวะ 0.0 ไม่ใช่ไอต้อมแน่ๆ แล้วใคร .. ??,7
เหยดดด ขนาดพี่เซย์ยังเป็นลมให้พี่แนสขราาเลยอ่,7
อิดอกกกก ตกใจหมดเห็นบิลค่าห้อง+น้ำ+ไฟ หมื่นกว่าบาท ฮ่าๆๆ มานั่งหารแล้วก็โอเคอยู,7
วันนี้พี่ชายกลับบ้าน *0,7
ความดัน 144 ไอฉิบหาย ทำไมพุ่งพรวดแบบนี้ เมื่อวานยังแค่ 125 เองน่,7
เจออุ้มที่บิ๊กซ,7
ป้าบีสกรี๊ดซีวอ,7
ชอบบรรยากาศตอนฝนตกนะ แต่ไม่ชอบฟ้าร้อ,7
นมกะตูดกูรวมกันยังไม่ได้นมข้างนึงของจีน่าเลยเหอะ ................................,7
บอสแยกร่างได้ล่วยยยย,7
ข้าวปั้นนอนอยู่ในห้องน้,7
หน้ามึงล้ำอายุมา,7
ตอนนี้อยู่ในอารมณ์เดียวกับตอนที่รู้ว่าเกิงอยู่เอ็มบีเค -0,7
อ๊ากกกกกกกก! ควยยย! จิ้งจกอยู่บนหน้าจอโน้ตบุ๊ค!!! สัดดดด!!,7
ไม่เจออะตอมแบบว่านานมากกกกก เจออีกที อื้ออหืออตัวใหญ่มากกอ่,7
ว็อทททททททททททททททท 5555555,7
โหว วันนี้ฮยอกมินเซย์มีคนติดตามเพิ่มในวันนี้วันเดียวตั้ง 12 คนแน่ะ 5555555,7
ฟ้าร้องโหดไปป่,7
เอ๊ะ55555555555,7
โจวปี่ชั่งไปกินอะไรมาทำไมหล่อ .. เมื่อก่อนหน้านางป้ามา,7
เงยหน้าจากโทรศัพท์อีกทีอยู่โรงเรียนแล้ว..,7
เห็นแล้วคิดถึงพี่ชิน.... !!,7
บางทีก็ตกใจ ปกติตอนอยู่โรงเรียนเพื่อนไม่เคยใช้คำว่ากู แต่พอตอนนี้มหาลัยใช้คำว่ากูตลอดเล,7
ฟคพตก็ยังคงรีทวิตกันไม่หยุด 34 รีแล้วนะ,7
ตลกดี รู้สึกจะเป็นปีที่แล้ว สระผมตอนกลางวันในหน้าร้อน ผมแห้งใน 15 นาที.....,7
แบบนี้เค้าเรียกว่าระเบิดไลค์ป้ะพี่,7
มานั่งซูมดิสพี่หมึกดู....,7
ทำไมเมนชั่นที่ดองไว้มันเยอะจั,7
สะดิ้งไปป่าว 55555,7
อีเอิทคาราไปแคสฮอร์โมนด้วยอุ,7
วันนี้ไทม์ไลน์ไม่แรงเล,7
ฟ้าร้องเหี้ย,7
หน้าเว็บทวิตเตอร์เปลี่ยนไป..,7
การที่ยงโผล่ในวีก็อตมันทำกูใจเต้นจริงๆ หูแว่วได้ยินว่าโกกุม่,7
ช่องเคแชแนลเปิดเทปงานแถลงข่าวตอนคอนเอ็มบีงีอ่ะ เปิดไปเจอชายนี่พอดี - -,7
เป็นครั้งแรกที่โดนฝรั่งเต๊าะ..,7
เกือบโดนรถชน,7
ตูน บอดี้สแลม เล่นหนังเป็น แอ๊ด คาราบาว ?!?!!!!! ,7
ตอบกันด้วยน้าาา,7
เหยยย เล่นทวิตอยุ ได้ยินเสียงนก หันออกไป เจอน้องเหี้ยน้อยกูกะลังไฝว้กับนก *0,7
เฮ้ยยย ห้าทุ่มครึ่งแล้วอ่ออออ!,7
มานั่งทำไมตรงบันไดฟ,7
นี่ฉันเมนชันหา จจ. มากกว่าครั้งกว่า ทม. อีกเหรอนี,7
ทั้งที่ก็เห็นอยู่เสมอ กวังมีกล้าม มีหนวด มีขนหน้าแข้ง มีขนจุกกูแร้ แต่ในสายตาเราก็ยังมองกวังเป็นเด็กน้อยน่ารัก เหมือนสาวน้องมุ๊งมิ๊,7
แบบว่า กำลังนั่งดูชองดำ ชองดำก็มาทันที = ,7
"มัน .....""!",7
โลก กลมเกินไปแล้ววววววววววว,7
คุณเก,7
ใน ห้อง กู มี ''หนู'' !!!!!!!!!,7
55555555555555555 นิ้วโดนใบพัดล,7
เปิดวอร์ซี 4 ไว้ไม่ได้ใส่หูฟัง เสียงมันเล็ดเข้ามากูยืนขึ้นเลย ,7
เหี้ยรถชนกันห้าคันรวดต่อหน้ากูเล,7
เชรี่ยยยย!! เปิดดูเฟสแล้วผงะ ผีวิกฟ้าจริงๆด้ว,7
เด็กสมัยนี้โตไว ไม่เจอแปบเดียว มีผัวซะล,7
ไม่น่าเชื่อว่ากูจะมีฟีลแบบ อ่านหนังสือจนไม่ได้นอน5555,7
โอ,7
เมื่อคืนฝันเห็นงูตัวใหญ่มากกกกก แบบคุยกับพ่อแม่เห็นตู้เสื้อผ้าพ่อแม่ ขนาดใหญ่เท่าตู้เสื้อผ้,7
เหนดดดดดดด อะไร ยังไง ใครบาดเจ็บบ้างน่ะ!!!!,7
หลงหยอยชัวขณ,7
โอ้วววววววววววว หลอกกูเหรอ ทำไมลิมิตแค่ครึ่งชม.เองว,7
เอ่อ คอมิค66 รีทวีตที คนรีต่อเป็นสิ,7
เด็กเกรียตินิยมลาดกระบังโผล่ม,7
ถ้าเสียงมันจะดังขนาดนี,7
เห้ยฟลว.เพิ่,7
อั่งเปาวันนี้จากห้าคนรวมแล้วได้หนึ่งหมื่นสามพันสองร้อยบาท..,7
โห แม่เอามือถือกูไปถ่ายรูป เกือบปิด รูปไม่ทัน ?,7
เสียงเบรกรถไฟฟ้าใต้ดินดังไปนี,7
โนรากามิก็ไม่จิ้น ไฮคิวก็ไม่(ค่อยจะ)จิ้น  ครก.บาสนี่ก็พอๆกับไฮคิว..   ยังไงก็ชอบมิตรภาพของผู้ชาย มากกว่าจิ้นให้ผู้ชายกดกันอ่ะตอนนี,7
น้ำหนักขึ้น5โ,7
ถ้าเซอร์เคิลงานการ์ตูนจองไวกันขนาดนี,7
เห้ยยยยยยย ผช ใส่เกงในเดินในห้อง !,7
บางทีอูฐก็เป็นสัตว์มีอารย,7
วันนี้แบตบีบีอยู่ได้นานวุ้,7
กุ เอา เกมเฮียไปเล่น เข้า สลอต จาก 3เเสนเหรียญทองเหลือ 3เหรียญทอง 555,7
วันนี้มองลองเซอร์ปีเย มาทวิตด้วยแฮ,7
ขำใส่หน้าตอนฟีเจอริ่งนี่หำกูมีหดนะครั,7
ได้นั่งล่ว,7
ซื้อคริสปี้ครีมวันนี้ อยู่ดีดีพนักงานก้อเอามายัดใส่มือให้กินฟรีๆอีกอัน *ย้ำว่ายัดใส่มือ ไม่พูดอะไรซักคำ เชิญค้งเชิญครับไม่มี ยัดเล,7
เอิ่ม... ในน้ำลายมีเอมไซม์พรรณนั้นด้วยเหรอเนี่ย,7
เห้ยคือแบบลืมตามาแล้วเห็นแม่ใส่ชุดนอนสีขาวเดิน ผมยาวๆปิดหน้าเดินผ่าน แม่มแทบกรี๊ดลั่นบ้าน 5555555555,7
โอ้ว~วันนี้คนเยอะอะ>,7
แมนโซ ไม่ออกโอลิมปิก และอาเซีย,7
เด็กข้างบ้านร้องไห้มาอะไรต้องนี,7
เอ่อ.. น้องเมย์ไปไหนละครั,7
พี่ทอมจีนแกเล่นของจัดหนักเว้ยเห้ย ทั้งสักทั้งพระเครื่อง บ้านกูอายว่ะ สมเด็จโตๆห้อยกั,7
กูเป็นเพื่อนกับรองนิยมในเฟสบุ๊คตอนไหนว้า แกมาไลค์เตตัสกูววว ,7
เห็นครั้งแรกนึกว่าพี่เก้า -0,7
ตอนนั่งดูโฆษณา407 นี่ยังหัวเราะ ถ้าไปนั่งในโรง 0____0 กรี๊ดดดดดด!!!,7
"โทรหาทิติเสียงรอสาย ""มันเกิดอะไรกับหัวใจ"" ",7
มากันค่อยๆก็ได้ไอโฟนกูจะเจ๊ง ตรึ่ง ตรึ่งๆๆ กูตกใจ กำลังดูกลมกิ๊กอยู,7
ทางด่วนรถโล่งมา,7
กูติดเอเอฟเอสสส?????,7
เจอหนุ่มเกาหลีที่เจอกันมา3รอบแล้ว แอร้ยยยยยยยยยยยยยยยยยยยยยย เป็นไปได้ไงงงงงงงงงงงงงงง,7
รุ่นน้องท้อง 6 เดือ,7
แบบที่ผ้าไหมบอกเลยอะ พอฉันไปโพสต์เรื่องโค้ดกับเรื่องนัดซ้อมพรุ่งนี้ ทุกคนก็รู้ว่าฉันคือใครและแอดเฟรนด์กันมาอย่างมากมา,7
",, เอิ่ม -..- ปิดประตูห้องน้ำเบา ๆ ก็ได้น้ะ ก",7
พูดได้เห็นแก่ตัวมา,7
ไทม์ไลน์เดินเร็วไป...,7
รีเร็,7
เดี๋ยวครับๆ อะไรคือทวิต > เหงา < เต็ม ทล.  เปิดมาทีนี,7
สว่างแล้ว!!!,7
มือถือเปิดเพลงเองในคา,7
แฟนซันนี่ หล่อมากกก,7
คู่แข่งเค้า เด็ก กท. ตอพ. ตอ. สว. บด. เยอะ ทำไมกุติด ,7
อยู่ ๆ หน้าจอโทรศัพท์ก็ขึ้นแสงเอ,7
ทวิตอัพเดท 5555,7
จะไม่สนใจเรื่องนี้แล้วววว กูสวยกว่าแฟนมันเยอ,8
กระจกใครชั้นก็สวยได้เพราะชั้นสวย ไม่ใช่ปัญห,8
ยังรักแม่มดเหมือนเดิมนะ...เรายังไม่ได้มีใคร.. เข้าใจเราหน่อย ตอนนี้เรายุ่งนะแม่มด.... <3 พูดแบบนี้เราก็เสียใจนะ.,8
เค้าจะต้องใส่สูทมาเพื่อขอเราแต่งงานแน่,8
หากจะมีคนคนนึงที่เราพร้อมจะวางใจ ฉันรู้ว่าเธอคือคนคนนั้น:,8
ความไว้ใจมันทำให้โง่งมงาย55,8
แฟนพี่เอง ยูบีเอพี 555555555,8
สักวันเราจะเดินข้างเธอให้ได,8
ติดแล้ว ติดทั้งเพลง ติดทั้งพระเอกเอ็มว,8
หมดล้ะที่กูเคยม,8
ไม่ซื่อสัตย์กับฉัน แล้วมั่นใจได้ไงว่าฉันจะไม่ทำบ้าง??,8
เป็น ตัวตลก อีก เเล้ว ดี๊ดี,8
หูกูไม่เพี้ยนแน่นอ,8
ชอบหุ่นพี่นักร้องนำวงเคลียมากเลยอ่ะ ตัวเล็กมากผอมมากขาเรียวสุดชอบบบบบ อ้อสพลคนเฉียบบอกให้มาดูงั้นสพลหล่อมากเช่นกัน5555555555,8
"แต่เค้าก็เป็น """"อู๋อี๋ ฟาน"""" คนธรรมดาผู้ชายธรรมดา ที่รักแม่ รักแฟนคลับเหมือนเดิ",8
เราคิดว่า คนที่ไว้ใจได้มากที่สุด คือ. กระจ,8
ถ้าเราผมยาว เราจะสวยกว่าแม่นางคัพซีเจ็ดคนนั้น -,8
ประกาศอีกรอบ แทยอนเป็นแฟนเราค่,8
เขากลัวกูมากละ จิง,8
ต่อให้ไว้ใจกันแค่ไหน ก็ต้องมีเรื่องที่ไม่ได้บอกกันอยู่ด,8
ใรจะพยายามแทรกกลางระหว่างเรา จอให้รู้ไว้นะเค้าจะไม่มีทางเข้ามาได้,8
ถ้ามีสถาบันลดความอ้วนโดยการเอาไขมันตามพุง-ต้นแขน-ต้นขามาโปะนมได้ลูกค้าคงล้,8
99%ของชยาวอลไทยอยากเป็นเมียหลว,8
มึงทำแบบนี้ ไม่คิดว่าคนที่รักมึงเค้าจะเจ็บบางเหร,8
ถึงนิสัยเราจะไม่ได้ดีเลิศ  แต่ก็โอเคที่สุ,8
วันนี้หลายๆบอทคัมแบ๊ค เพราะตามนัมบอทมาใช่มะ คิดถึงกันก็บอก อยากคุยกับนัมบอทกันละสิ ฮิฮิ นัมบอทน่ารักก็เงี้,8
เชื่อเราสิไม่มีใครรักเทอมากกว่าเราอีกแล้ว ,8
เจ้าของน่ารักกว่าแมวอีก ^______,8
ไม่คิดว่าความไว้ใจ...  จะกลายเป็นความเหินห่าง...  ผลลัพท์คือความจืดจาง...  หมดหนทางจะทำให้เป็นดังเดิม..,8
อาจารย์บอกว่าสอบมิดเทอมคราวที่แล้วตกครึ่งห้อง กู้้ต้องเป็นหนึ่งในนั้,8
พ่อบอก ยังไม่ถึงเวลา.. ถ้าแม่ตายก่อนพ่อคงบวชตลอดชีวิตแน่,8
ทำพาสปอร์ตรอเลยมั้ย 5555555555,8
มึง ถ้าอาริยามะไปอิออนกันจริงนี่กุฟินนะ แม่งไปซื้อของเข้าบ้านชัวร์,8
เรื่องบางเรื่องมันก็เรื่องของเรานะ ไม่ได้ทำให้สังคมเดือดร้อ,8
รู้ว่าตัวเองเหี้ย แต่คงไม่เหี้ยขนาดนั้,8
ฉันรู้ว่าคนทั้งตึกแกรมมี่จิ้นโน่ริทหมดแหล,8
",, เชื่อนะ ว่าถ้าต้องเลิกกำคุนแฟน จะไม่ใช่เหตุผลที่ว่ามีคนอื่นแน่นอน !",8
ถ้าข้อสอบมันออกในทวิตเตอร์กูคงได้เต็,8
อย่าให้รู้,8
ไม่รู้เลยว่าจะอินกับเพลงหรือกรี๊ดคุณสพลก่อนดี55555555,8
น้อยใจนะ เจ็บที่ได้ยินจากปากเธอนะ.. ;( เมื่อไหร่กั,8
เสียใจไปเท่าไหร่แล้วกับคำว่,8
คิดมากก็ไม่ช่วยอะไร,8
"ถ้าเธอคิดว่าเธอสวย , ฉันก้อคิดว่าฉันสว",8
ผมทานปกติครับ ทั้งสองคนนั่นแหละที่ทานเยอ,8
ถ้าบอกว่าใคร ตกใจกันทั้งทล.แน่นอนอ่,8
ลุงกิ๊ดดี้แม่งรีอะไรอ่ะ ..ของเราก็มีสวยกว่าอีก !,8
ความรู้สึกของวันนี,8
หล่อกว่าผมมีอีกไหม?,8
ฉันไม่ระแวงหรอก ก็ฉันเชื่อเธ,8
ในห้องเรียนถ้าอาจารย์สอนๆอยู่แล้วจู่ๆเงียบไป ร้อยทั้งร้อยที่กำลังก้มหน้าก้มตาทำอะไรอยู่ซักอย่างต้องโงหัวขึ้นมาดูว่าเกิดอะไรขึ้,8
ทุกอย่างจะเริ่มโอเคในไม่ช้านี้แน,8
สักวันหนึ่งจะต้องมีวันนั้นแน่นอ,8
ฮีบอมคือแมวที่ซวยที่สุดในโล,8
อ๊ากกกกกกกกก วันที่รอรถสายอื่น รถเมล์สายนี้มันไม่ได้มีน้อยขนาดนี้น,8
นี่หึงรุนแรงจนพิมพ์ผิด ถถถถถ,8
กูน่าจะต่อรองกับแม่ให้มากกว่านี้นะ โอกาสทอง เพราะกูทำได้อยู่แล้,8
เราต้องฝันแน่ๆ ตอนนี้ฝันอยู่ ฝันว่าอ้วน แน่ๆ ฝันชัวร,8
ใครโทรมากูจะสันนิษฐานไว้ก่อนเลยว่ามันจะถามเกร,8
ดูไปเรื่อยๆกูเริ่มด่าพี่เกรท กูอิน  ,8
ชั้นว่า ชั้นสวย ใส น่ารักน,8
กุต้องสูงๆ,8
เรื่องนั่นฉันคงจะผิดหวังแน่นอน ),8
ที่เธอทำมันแรงเกินไป เกินคนรับไหวใครจะทน ก็เธอมีใครอีกคนทนได้ไง..,8
เปิดเผยตนเอง คาดหวัง ให้เขาเปิดด้ว,8
วันนี้โครงงานไม่เสร็จไม่นอน ถึงจะไมเกรนมาก็เถอะครั,8
หมดทางจะดึงหุ่นเธอ ถ้าเธอเลือกแล้วก็แดกไป หมดสิ้นความผอม เจ็บช้ำจะเป็นจะตายเพราะหุ่นของเธ,8
เราต้องไม่ใช่คนแก่สุดในกลุ่มส,8
สพล คนเฬวววว,8
ใส่ลงในเครื่องเล่นซีดี ในภาพ เห็น ในภาพแรกเธอ และแฟนของเธอแต่งงานกัน เธอยิ้มแก้มปริมีความสุขอย่าง บอกไม่ถู,8
เธอเหมาะกับผม สุดๆแล้ว^_,8
ถ้าวันนั้น....เทอไม่วู่วาม....รักเราคงไม่เปนแบบนี,8
ขอแค่ออกมาจากปาก จะจริงไม่จริงไม่รู้ จะเชื่อไว้ก่อน ขอแค่เธอพูดเอง :(,8
พรุ่งนี้ต้องดีกว่าวันนี้ แน่นอน ,8
ตอนแรกคิดว่าแอบคบกับอีกคน สรุปเอ้าคบอีกคนที่แสดงคู่กัน เจ็บในเจ็บไปอีก เจ็บเหี้ยสุดที่เห็นทั้งคู่รักกันทั้งในชีวิตจริงและการแสด,8
จากที่เคยหายากอยู่แล้วมันจะยากขึ้นไปอี,8
ฉันไม่คิดที่จะเดินหันหลังกลับง่ายๆ หรอกลองกันสักตั้ง ~^,8
ที่เธอทำมันแรงเกิน เกินคนรับไหว ใครจะท,8
ทั้งชื่อจริง ชื่อเล่น ทั้งประเทศนี้ไม่มีใครเหมือนแน่นอ,8
หือ ทำไม ความสูงเท่าสิก้า = = แต่ตอนไปเจอสิก้า นี่เราสูงกว่าเยอะเลยนะ,8
แกทเชื่อมโยงกูได้เต็ม150เต็มแน่ๆ ,8
อยากลงวอลเลย์ แต่คิดว่าคงไม่ติ,8
มันยากมากนะที่จะก่อความไว้ใจกลับขึ้นมาใหม่หลังจากที่พังไปครั้งนึงแล้,8
หลายคนเริ่มเล่นทวิตเตอร์เพราะอยากฟอลโลวเอสเ,8
ถึงอ้วนกว่านี้ก็ยังสวยอยู่ด,8
ลงฟิคไปเมื่อชั่วโมงก่อน เปิดเชคคอมเมนท์ตอนนี้ ไม่มีคนเมนท์แน่ๆ,8
ฉันฝากไว้ให้เธอน่,8
ก็ทุกนาทีฉันรู้สึกเชื่อใจ เมื่อไหร่ที่เจอเธอคนนี้ ทุกอย่างช่างแสนดี มีเธอคนนี้ก็อุ่นใจ <,8
หมอพอร์ชนี่อยู่ทุกที่ของพี่เกรทจริงๆนะ,8
ฉันไม่ได้อ้วน ฉันแค่เด่นเมื่อยามเห็,8
พรุ่งนี้สื่อใหญ่จะทำร้ายครอบครัวผู้เสียหายอีกรอ,8
"ชายและหญิงคู่รักมองตากัน แล้วตอบพร้อมกันว่า ""เราทั้ง 2 ไม่กลัวอนาคตเรามั่นใจในกันและกัน"" นางฟ้าได้ยินดังนั้",8
ดีนะเราเป็นคนด,8
เราอยากทำวิดีโอสั้นจิกกัดเหมือนหนังพาไปบ้างอ่ะ แต่ขอแบบใสๆสไตล์เร,8
พี่หมูต้องลืมของที่ฝากซื้อไปแล้วแน่ๆ..,8
ยิ่งคบกัน ยิ่งนาน ยิ่งไม่รู้จักกั,8
ปลาใหญ่!!! อายุ 25 ปี ... หน้าหล่อนแก่กว่าฉันอีกอ่,8
จะไม่โทดเทอ ที่ปล่อยชั้นไว้ ให้ใช้ชีวิตลำพัง ชั้นโทดตัวเอง..ที่วันนี้ต้องเจ็บ ช้ำ..เพราะ..ความ..ไว้ใจ:,8
จะไม่ทำแบบนี้อีกแล้,8
โปโตรซัวในไส้ปลวกกกกก :,8
มีคนอันฟอลกูแน่นอ,8
ถึงปัญญาจะมีไม่เยอะมาก แต่จิตสำนึกตูมีเยอะมา,8
ก็ไม่แน่ใจว่าคนหน้าตาดี  จะเหี้ยได้ขนาดนี้ !!!,8
ถ้าไทยไม่มีกฏห้ามโฆษณาพวกเหล้าเบียร์เหมือนเกาหลีนะ คยูคงได้เป็นพรีเซนเตอร์คนแรกอ่ะ มันคงมาแบบไม่เอาค่าตัวด้ว,8
นี่เป็นคนไม่ค่อยบอกอะไร แต่เค้ารู้ ว่านี่อยากบอกอะไร,8
อาจจะมีบางเรื่องที่ฉันสู้ไม่ได้ แต่เรื่องเป็นคนจริงใจ ให้เกียรติเพื่อนเนี่ย.. ฉันแน่ใจนะว่าฉันมี :) .. ไม่ใช่แค่มีนะ.. มีเยอะกว่,8
เราไม่ได้เข้าใจผิดแน่นอ,8
แต่ถ้าได้กินไอติมบีอิ้งเขียว นี่คงไม่รอ,8
แต่ไอบะ ที่1แน่ๆ 555,8
มึงไม่ใจเลยย กูขอของกุที่เคยไปคืนละกั,8
เดียวแคปต้องเป็นโรคสระอี้อักเสบอีกแน่ๆ เลยครั,8
วันนี้โนวคอนแทค.,8
ถึงกูจะรู้จักสาว ๆ ได้ไม่นาน แต่ก็ไม่เคยคิดว่าสาว ๆ จะทำแบบนั้นแน่ ๆ !,8
เพราะรักจึงเชื่อใ,8
ไม่เคยจะรู้ ไม่เล,8
ที่เธอทำมันแรงเกินไป เกินคนรับไหวใครจะทน ก็เธอมีใครอีกคนทนได้ไง หมดทางจะดึงตัวเธอ เพราะเธอเลือกแล้วเธอจะไป .,8
ไม่อยากจับผิ,8
พรุ่งนี้ไปงานแต่งครับ ต่อไปก็ผมแต่งงานแน่,8
เมื่อไหร่กันที่มันจะกลับม,8
คือบลอสซั่มกับดิวจะอยู่อีกในเอ็มวีต่อไปชะมะ,8
ซักวันต้องโดนซักมุ,8
ถ้าเราดีจริงเดี๋ยวเขาก้กลับม,8
อีกสักพัดจะลิมิ,8
เจ็บเพรา,8
ตอนที่กูจบปีสี่กูจะทวีตให้ครบล้า,8
